domain,dataset,split,file,source_url,source_sha256,prepared_sha256,prepared_bytes,records,shape,nonzero_items,license_status
sparse_matrix_pattern,SuiteSparse_HB_bcsstk,train,bcsstk01.smb,http://sparse-files.engr.tamu.edu/MM/HB/bcsstk01.tar.gz,fbc7d883fbb1048ae7e98b12fd5b7c49fa68e0ec070b60f45047db44f63ba984,3f991688015727738f5b2bd0fa66928c9142fea5f6c0a23201856fc61bfaa8a2,316,1,48x48,400,collection attribution recorded; redistribution not assumed
sparse_matrix_pattern,SuiteSparse_HB_bcsstk,train,bcsstk02.smb,http://sparse-files.engr.tamu.edu/MM/HB/bcsstk02.tar.gz,ee388126002b33fdb084fbe32f4ffec3ab11e01f2c83e69ce695fba5626abed0,9ee1728c02838511172f8cbd160b7793e6ad44a52c89c9d902190ac58ffabee3,573,1,66x66,4356,collection attribution recorded; redistribution not assumed
sparse_matrix_pattern,SuiteSparse_HB_bcsstk,train,bcsstk03.smb,http://sparse-files.engr.tamu.edu/MM/HB/bcsstk03.tar.gz,e564b471fdb5451912052dea67f611f90fcec5c8d9b3c57b1d2bbafa101b4b58,62f72582b59a54329d0aa5502dbac1b389fb3781c553726ee31e3c10733ee090,1596,1,112x112,640,collection attribution recorded; redistribution not assumed
sparse_matrix_pattern,SuiteSparse_HB_bcsstk,validation,bcsstk04.smb,http://sparse-files.engr.tamu.edu/MM/HB/bcsstk04.tar.gz,2ab3dad062ff305a9fba4e72b8609487ab8db7b8f8584428914e67a21759cdb5,2e18652fe6662ced922cebc4153cd598e01d3c0e6b1834fcfbda1736a9f66d3c,2206,1,132x132,3648,collection attribution recorded; redistribution not assumed
sparse_matrix_pattern,SuiteSparse_HB_bcsstk,validation,bcsstk05.smb,http://sparse-files.engr.tamu.edu/MM/HB/bcsstk05.tar.gz,804741d7854045ad418f9bb4241a8571adda43ca0761456b0785acf325cba01d,ed08aeda6fc20dbea6fa7e6504a7fc22bb947b3929121f01aec5a141ade40589,2955,1,153x153,2423,collection attribution recorded; redistribution not assumed
sparse_matrix_pattern,SuiteSparse_HB_bcsstk,validation,bcsstk06.smb,http://sparse-files.engr.tamu.edu/MM/HB/bcsstk06.tar.gz,40bde9d5361726a98aecb98aefc73bd905e4a2e11ecd3ae55d6cf9fd89696a19,61416740bcd7f9657047782b200cd5fb7dafa937b593663c916bddb557ab7c33,22078,1,420x420,7860,collection attribution recorded; redistribution not assumed
sparse_matrix_pattern,SuiteSparse_HB_bcsstk,test,bcsstk07.smb,http://sparse-files.engr.tamu.edu/MM/HB/bcsstk07.tar.gz,1466b26119b0b8aba912becca00a9e412e41b9807d6f1abc4239105c799ba33a,61416740bcd7f9657047782b200cd5fb7dafa937b593663c916bddb557ab7c33,22078,1,420x420,7860,collection attribution recorded; redistribution not assumed
sparse_matrix_pattern,SuiteSparse_HB_bcsstk,test,bcsstk08.smb,http://sparse-files.engr.tamu.edu/MM/HB/bcsstk08.tar.gz,a5315139b8a9baf65a047603f11b4811cdffa72c8d758ff3e525914ac1d40036,405301ecb3ba018fa22700362330071846160e837ae567883b54006aa9e89afa,144213,1,1074x1074,12960,collection attribution recorded; redistribution not assumed
sparse_matrix_pattern,SuiteSparse_HB_bcsstk,test,bcsstk09.smb,http://sparse-files.engr.tamu.edu/MM/HB/bcsstk09.tar.gz,7f9162b8301afd38454a35512be91485c3fd055a2e8c2e2337c3d55be91d8ca3,2c2d68a26936ae62e2fb1e260be7c2871619cac939cf8967d7ec590f8d33f36a,146640,1,1083x1083,18437,collection attribution recorded; redistribution not assumed
grayscale_image_tensor,mnist,train,mnist_train_000.img,https://ossci-datasets.s3.amazonaws.com/mnist/train-images-idx3-ubyte.gz,440fcabf73cc546fa21475e81ea370265605f56be210a4024d2ca8f203523609,cc42ca234e232a201815fbe39f31b8aed94c60773cb346ee71ceb9ccca546811,784016,1000,28x28,148420,research benchmark; redistribution not assumed
grayscale_image_tensor,mnist,train,mnist_train_001.img,https://ossci-datasets.s3.amazonaws.com/mnist/train-images-idx3-ubyte.gz,440fcabf73cc546fa21475e81ea370265605f56be210a4024d2ca8f203523609,d956122d56dd9cc7e090811949e0da846ff34180d6671504958d61b2b0dcf33c,784016,1000,28x28,150019,research benchmark; redistribution not assumed
grayscale_image_tensor,mnist,train,mnist_train_002.img,https://ossci-datasets.s3.amazonaws.com/mnist/train-images-idx3-ubyte.gz,440fcabf73cc546fa21475e81ea370265605f56be210a4024d2ca8f203523609,962f97e40aa14c87728810bf219bb1d35a9fddc4547c40c1e0684334bcfb334a,784016,1000,28x28,151960,research benchmark; redistribution not assumed
grayscale_image_tensor,mnist,train,mnist_train_003.img,https://ossci-datasets.s3.amazonaws.com/mnist/train-images-idx3-ubyte.gz,440fcabf73cc546fa21475e81ea370265605f56be210a4024d2ca8f203523609,b38d18a6f6f9e55d785f27c2dfa6b3e7972505408898b91c1d5ab8afc6772969,784016,1000,28x28,146620,research benchmark; redistribution not assumed
grayscale_image_tensor,mnist,train,mnist_train_004.img,https://ossci-datasets.s3.amazonaws.com/mnist/train-images-idx3-ubyte.gz,440fcabf73cc546fa21475e81ea370265605f56be210a4024d2ca8f203523609,918dd89b2c593b440de295597eed85c270b232b75a9f45b316ae4dd3943394fd,784016,1000,28x28,151140,research benchmark; redistribution not assumed
grayscale_image_tensor,mnist,train,mnist_train_005.img,https://ossci-datasets.s3.amazonaws.com/mnist/train-images-idx3-ubyte.gz,440fcabf73cc546fa21475e81ea370265605f56be210a4024d2ca8f203523609,a4080bbf42caf1a83a31fe4dc39ba1377afac4bc39f3552bd64c992a498ac780,784016,1000,28x28,155911,research benchmark; redistribution not assumed
grayscale_image_tensor,mnist,train,mnist_train_006.img,https://ossci-datasets.s3.amazonaws.com/mnist/train-images-idx3-ubyte.gz,440fcabf73cc546fa21475e81ea370265605f56be210a4024d2ca8f203523609,07e7eb53577a297445a14123ceba90de352f2714b8202da9ffc54053144ffd2a,784016,1000,28x28,152103,research benchmark; redistribution not assumed
grayscale_image_tensor,mnist,train,mnist_train_007.img,https://ossci-datasets.s3.amazonaws.com/mnist/train-images-idx3-ubyte.gz,440fcabf73cc546fa21475e81ea370265605f56be210a4024d2ca8f203523609,daf50f27a7d784b68d96a7e80b4315652f48bb5e514d29f8f3dbc96c314230ff,784016,1000,28x28,144083,research benchmark; redistribution not assumed
grayscale_image_tensor,mnist,train,mnist_train_008.img,https://ossci-datasets.s3.amazonaws.com/mnist/train-images-idx3-ubyte.gz,440fcabf73cc546fa21475e81ea370265605f56be210a4024d2ca8f203523609,dfde3803de40f417452aa263c55f9ebf2c8913d9d0f7544490f3fcf267aceae0,784016,1000,28x28,153385,research benchmark; redistribution not assumed
grayscale_image_tensor,mnist,train,mnist_train_009.img,https://ossci-datasets.s3.amazonaws.com/mnist/train-images-idx3-ubyte.gz,440fcabf73cc546fa21475e81ea370265605f56be210a4024d2ca8f203523609,658fcc6ff541d02fa2d00a5bb7e6975f14eeb9792a65c7e6eecd1345ab95d69b,784016,1000,28x28,148574,research benchmark; redistribution not assumed
grayscale_image_tensor,mnist,train,mnist_train_010.img,https://ossci-datasets.s3.amazonaws.com/mnist/train-images-idx3-ubyte.gz,440fcabf73cc546fa21475e81ea370265605f56be210a4024d2ca8f203523609,346c494f84b4589b05fdf8bff1037e3766187b9cce4eeef25fbafa82774529de,784016,1000,28x28,156688,research benchmark; redistribution not assumed
grayscale_image_tensor,mnist,train,mnist_train_011.img,https://ossci-datasets.s3.amazonaws.com/mnist/train-images-idx3-ubyte.gz,440fcabf73cc546fa21475e81ea370265605f56be210a4024d2ca8f203523609,4db9256322fe46f550924dfaa7dccb1911c688c67f35f5d20c9730db7657aebb,784016,1000,28x28,148034,research benchmark; redistribution not assumed
grayscale_image_tensor,mnist,train,mnist_train_012.img,https://ossci-datasets.s3.amazonaws.com/mnist/train-images-idx3-ubyte.gz,440fcabf73cc546fa21475e81ea370265605f56be210a4024d2ca8f203523609,c0cbeda8e5782da3d48c812cf28ee5ff84440a4a208de9ec68fd678b39573b60,784016,1000,28x28,154909,research benchmark; redistribution not assumed
grayscale_image_tensor,mnist,train,mnist_train_013.img,https://ossci-datasets.s3.amazonaws.com/mnist/train-images-idx3-ubyte.gz,440fcabf73cc546fa21475e81ea370265605f56be210a4024d2ca8f203523609,8de7bb57e258702036e455cccb3ae0cfd344faf123bba04249433ce958ed66fd,784016,1000,28x28,154626,research benchmark; redistribution not assumed
grayscale_image_tensor,mnist,train,mnist_train_014.img,https://ossci-datasets.s3.amazonaws.com/mnist/train-images-idx3-ubyte.gz,440fcabf73cc546fa21475e81ea370265605f56be210a4024d2ca8f203523609,06f46686b0af8b77ee083e5a5d05264758577ef105a733d48ed190b6d8549f78,784016,1000,28x28,151219,research benchmark; redistribution not assumed
grayscale_image_tensor,mnist,train,mnist_train_015.img,https://ossci-datasets.s3.amazonaws.com/mnist/train-images-idx3-ubyte.gz,440fcabf73cc546fa21475e81ea370265605f56be210a4024d2ca8f203523609,4edb56fd047d32a81bd6a786f06227f8a7e94243e1c56c6f5b5593effaa9304b,784016,1000,28x28,144732,research benchmark; redistribution not assumed
grayscale_image_tensor,mnist,train,mnist_train_016.img,https://ossci-datasets.s3.amazonaws.com/mnist/train-images-idx3-ubyte.gz,440fcabf73cc546fa21475e81ea370265605f56be210a4024d2ca8f203523609,ef4cf3e370ec313e12e85238a8e1f461ebc2206f4945be5f94705a5cb9415434,784016,1000,28x28,147799,research benchmark; redistribution not assumed
grayscale_image_tensor,mnist,train,mnist_train_017.img,https://ossci-datasets.s3.amazonaws.com/mnist/train-images-idx3-ubyte.gz,440fcabf73cc546fa21475e81ea370265605f56be210a4024d2ca8f203523609,b7620295dea23410683f0540ad02126faa4ebf481502fcc66d2e0cbd1ee7e6be,784016,1000,28x28,146212,research benchmark; redistribution not assumed
grayscale_image_tensor,mnist,train,mnist_train_018.img,https://ossci-datasets.s3.amazonaws.com/mnist/train-images-idx3-ubyte.gz,440fcabf73cc546fa21475e81ea370265605f56be210a4024d2ca8f203523609,9cde4c6e8560b7394ccbc07f078159d687750f237d7ccdedeba09649ee477ae5,784016,1000,28x28,145184,research benchmark; redistribution not assumed
grayscale_image_tensor,mnist,train,mnist_train_019.img,https://ossci-datasets.s3.amazonaws.com/mnist/train-images-idx3-ubyte.gz,440fcabf73cc546fa21475e81ea370265605f56be210a4024d2ca8f203523609,086dfe67822476e3a10764ad2d9d1377453941d5cc9fc4e69d8de1cdbe7b8c77,784016,1000,28x28,157017,research benchmark; redistribution not assumed
grayscale_image_tensor,mnist,train,mnist_train_020.img,https://ossci-datasets.s3.amazonaws.com/mnist/train-images-idx3-ubyte.gz,440fcabf73cc546fa21475e81ea370265605f56be210a4024d2ca8f203523609,ad95d26e2852f09aa8070e76751045b929f268569c73d9de35b1d64d3fdf2c5d,784016,1000,28x28,151377,research benchmark; redistribution not assumed
grayscale_image_tensor,mnist,train,mnist_train_021.img,https://ossci-datasets.s3.amazonaws.com/mnist/train-images-idx3-ubyte.gz,440fcabf73cc546fa21475e81ea370265605f56be210a4024d2ca8f203523609,6772067911c64bb59579f1371e3b217c6926df1df7cfec526570e86cf8abcc2d,784016,1000,28x28,151798,research benchmark; redistribution not assumed
grayscale_image_tensor,mnist,train,mnist_train_022.img,https://ossci-datasets.s3.amazonaws.com/mnist/train-images-idx3-ubyte.gz,440fcabf73cc546fa21475e81ea370265605f56be210a4024d2ca8f203523609,c197de5c2d114689af37ca3322d2b427ff5437887ba4bbcc1ad3ae252a3d8c84,784016,1000,28x28,154563,research benchmark; redistribution not assumed
grayscale_image_tensor,mnist,train,mnist_train_023.img,https://ossci-datasets.s3.amazonaws.com/mnist/train-images-idx3-ubyte.gz,440fcabf73cc546fa21475e81ea370265605f56be210a4024d2ca8f203523609,f3bcd839a79f8f07168c88339a0e40131d46970609ef692cc7fc6e41af9ad40e,784016,1000,28x28,151670,research benchmark; redistribution not assumed
grayscale_image_tensor,mnist,train,mnist_train_024.img,https://ossci-datasets.s3.amazonaws.com/mnist/train-images-idx3-ubyte.gz,440fcabf73cc546fa21475e81ea370265605f56be210a4024d2ca8f203523609,e600b59441f49ce7423ea47d4c8fff07bf4e732e9ea2e014934ebb5387233e11,784016,1000,28x28,147561,research benchmark; redistribution not assumed
grayscale_image_tensor,mnist,train,mnist_train_025.img,https://ossci-datasets.s3.amazonaws.com/mnist/train-images-idx3-ubyte.gz,440fcabf73cc546fa21475e81ea370265605f56be210a4024d2ca8f203523609,5bf034d6bc7863abbb20aa96ebf01be0363a099d38dcbfa0b068ba8c38c91087,784016,1000,28x28,148532,research benchmark; redistribution not assumed
grayscale_image_tensor,mnist,train,mnist_train_026.img,https://ossci-datasets.s3.amazonaws.com/mnist/train-images-idx3-ubyte.gz,440fcabf73cc546fa21475e81ea370265605f56be210a4024d2ca8f203523609,e08a2600e050d4e17fdcc988fe2ab79d0a7029ea8bdbc13de90e69d54007d759,784016,1000,28x28,145262,research benchmark; redistribution not assumed
grayscale_image_tensor,mnist,train,mnist_train_027.img,https://ossci-datasets.s3.amazonaws.com/mnist/train-images-idx3-ubyte.gz,440fcabf73cc546fa21475e81ea370265605f56be210a4024d2ca8f203523609,f9b1384f0a9adcc7ef1684b622e3233f02db9c0d993502501414bc4d8d578304,784016,1000,28x28,150497,research benchmark; redistribution not assumed
grayscale_image_tensor,mnist,train,mnist_train_028.img,https://ossci-datasets.s3.amazonaws.com/mnist/train-images-idx3-ubyte.gz,440fcabf73cc546fa21475e81ea370265605f56be210a4024d2ca8f203523609,7a4965b4a5d4a5de73ff40db2ee416cb5f999f3bfa81e28cb60baa0b5f690b63,784016,1000,28x28,157247,research benchmark; redistribution not assumed
grayscale_image_tensor,mnist,train,mnist_train_029.img,https://ossci-datasets.s3.amazonaws.com/mnist/train-images-idx3-ubyte.gz,440fcabf73cc546fa21475e81ea370265605f56be210a4024d2ca8f203523609,84df9c0fb60e833e9aae8f89a842b5af974da0377c5ff22b1651796f91a02754,784016,1000,28x28,146649,research benchmark; redistribution not assumed
grayscale_image_tensor,mnist,train,mnist_train_030.img,https://ossci-datasets.s3.amazonaws.com/mnist/train-images-idx3-ubyte.gz,440fcabf73cc546fa21475e81ea370265605f56be210a4024d2ca8f203523609,1c510312eb6ea90d9adee5b1e0526a18f0a7e783a2c779de0448a12756d2335b,784016,1000,28x28,145456,research benchmark; redistribution not assumed
grayscale_image_tensor,mnist,train,mnist_train_031.img,https://ossci-datasets.s3.amazonaws.com/mnist/train-images-idx3-ubyte.gz,440fcabf73cc546fa21475e81ea370265605f56be210a4024d2ca8f203523609,c93905273efb752e8f229a3c758e5dc368b8be2a7dfa525a45f4afe79c283637,784016,1000,28x28,142065,research benchmark; redistribution not assumed
grayscale_image_tensor,mnist,train,mnist_train_032.img,https://ossci-datasets.s3.amazonaws.com/mnist/train-images-idx3-ubyte.gz,440fcabf73cc546fa21475e81ea370265605f56be210a4024d2ca8f203523609,8d76876253e146c562883d0b8f73c178cc1372bc8b5ef8f0dbc3155d13c24b71,784016,1000,28x28,150868,research benchmark; redistribution not assumed
grayscale_image_tensor,mnist,train,mnist_train_033.img,https://ossci-datasets.s3.amazonaws.com/mnist/train-images-idx3-ubyte.gz,440fcabf73cc546fa21475e81ea370265605f56be210a4024d2ca8f203523609,ffa4ec1b73cc607c7ec9062ba0c27db6f9820f0a4ef1941de68021061551d844,784016,1000,28x28,148472,research benchmark; redistribution not assumed
grayscale_image_tensor,mnist,train,mnist_train_034.img,https://ossci-datasets.s3.amazonaws.com/mnist/train-images-idx3-ubyte.gz,440fcabf73cc546fa21475e81ea370265605f56be210a4024d2ca8f203523609,f181bb685cdef16e3f8044e8d9f5898822051cc10b0feab399856e17fb42a85e,784016,1000,28x28,149775,research benchmark; redistribution not assumed
grayscale_image_tensor,mnist,train,mnist_train_035.img,https://ossci-datasets.s3.amazonaws.com/mnist/train-images-idx3-ubyte.gz,440fcabf73cc546fa21475e81ea370265605f56be210a4024d2ca8f203523609,12b98d008e1ba0da040dddba4c17c9b83c06b8cf6652bc6f9142e9e97f55308c,784016,1000,28x28,148583,research benchmark; redistribution not assumed
grayscale_image_tensor,mnist,train,mnist_train_036.img,https://ossci-datasets.s3.amazonaws.com/mnist/train-images-idx3-ubyte.gz,440fcabf73cc546fa21475e81ea370265605f56be210a4024d2ca8f203523609,2250e60d7273685204e655178f2f3cecef23c24d75594f4d69f3a1b32490c318,784016,1000,28x28,157410,research benchmark; redistribution not assumed
grayscale_image_tensor,mnist,train,mnist_train_037.img,https://ossci-datasets.s3.amazonaws.com/mnist/train-images-idx3-ubyte.gz,440fcabf73cc546fa21475e81ea370265605f56be210a4024d2ca8f203523609,5cf5f8b6dfcfe4b0a57a32a3715cf72302ff908d6e32fb4ec665e14ea4d87d3b,784016,1000,28x28,152732,research benchmark; redistribution not assumed
grayscale_image_tensor,mnist,train,mnist_train_038.img,https://ossci-datasets.s3.amazonaws.com/mnist/train-images-idx3-ubyte.gz,440fcabf73cc546fa21475e81ea370265605f56be210a4024d2ca8f203523609,976aab8ecf2237f33e57c668417b6d45a3db6884397ef0daf97f8367d3edae6b,784016,1000,28x28,148478,research benchmark; redistribution not assumed
grayscale_image_tensor,mnist,train,mnist_train_039.img,https://ossci-datasets.s3.amazonaws.com/mnist/train-images-idx3-ubyte.gz,440fcabf73cc546fa21475e81ea370265605f56be210a4024d2ca8f203523609,dda928991e820b1a26f581df12b4b4819b640d8700bbed1cf45dec25b89aabde,784016,1000,28x28,150395,research benchmark; redistribution not assumed
grayscale_image_tensor,mnist,train,mnist_train_040.img,https://ossci-datasets.s3.amazonaws.com/mnist/train-images-idx3-ubyte.gz,440fcabf73cc546fa21475e81ea370265605f56be210a4024d2ca8f203523609,d19de9019d9c3c28a846fcf391647b6208c16b79cea45ee3621127d0def1e5ca,784016,1000,28x28,149410,research benchmark; redistribution not assumed
grayscale_image_tensor,mnist,train,mnist_train_041.img,https://ossci-datasets.s3.amazonaws.com/mnist/train-images-idx3-ubyte.gz,440fcabf73cc546fa21475e81ea370265605f56be210a4024d2ca8f203523609,c3343cc28b28195f6066c185e450457a1ab0d6926838b762bab3a3286d041e18,784016,1000,28x28,146282,research benchmark; redistribution not assumed
grayscale_image_tensor,mnist,train,mnist_train_042.img,https://ossci-datasets.s3.amazonaws.com/mnist/train-images-idx3-ubyte.gz,440fcabf73cc546fa21475e81ea370265605f56be210a4024d2ca8f203523609,f3c2344c0287445d611224a39fde0fa8e45b3d4ca19e292578009600eb985437,784016,1000,28x28,153171,research benchmark; redistribution not assumed
grayscale_image_tensor,mnist,train,mnist_train_043.img,https://ossci-datasets.s3.amazonaws.com/mnist/train-images-idx3-ubyte.gz,440fcabf73cc546fa21475e81ea370265605f56be210a4024d2ca8f203523609,da9bb4a8d03c798444e7860507c64bc11485a71b4c1b0e9407976a08d4bb9d54,784016,1000,28x28,146897,research benchmark; redistribution not assumed
grayscale_image_tensor,mnist,train,mnist_train_044.img,https://ossci-datasets.s3.amazonaws.com/mnist/train-images-idx3-ubyte.gz,440fcabf73cc546fa21475e81ea370265605f56be210a4024d2ca8f203523609,589dd51b1a3bdc54ce922d6c82c595700c590383e295ef33be84b3b3e1e8b293,784016,1000,28x28,147366,research benchmark; redistribution not assumed
grayscale_image_tensor,mnist,train,mnist_train_045.img,https://ossci-datasets.s3.amazonaws.com/mnist/train-images-idx3-ubyte.gz,440fcabf73cc546fa21475e81ea370265605f56be210a4024d2ca8f203523609,50028690e2271cde6df06c752bbf39a96d9648579e2ee57f9ae212a6e922c304,784016,1000,28x28,147711,research benchmark; redistribution not assumed
grayscale_image_tensor,mnist,train,mnist_train_046.img,https://ossci-datasets.s3.amazonaws.com/mnist/train-images-idx3-ubyte.gz,440fcabf73cc546fa21475e81ea370265605f56be210a4024d2ca8f203523609,d2cc5ad888d563513e7513ba4ec3b2f4e6c9976d7118838a3836793ef5a067ba,784016,1000,28x28,148804,research benchmark; redistribution not assumed
grayscale_image_tensor,mnist,train,mnist_train_047.img,https://ossci-datasets.s3.amazonaws.com/mnist/train-images-idx3-ubyte.gz,440fcabf73cc546fa21475e81ea370265605f56be210a4024d2ca8f203523609,38549a5c51be14ecbd10e0ed6fc3912e6023f6d2d9a379c23edd2fb420db7e95,784016,1000,28x28,151955,research benchmark; redistribution not assumed
grayscale_image_tensor,mnist,train,mnist_train_048.img,https://ossci-datasets.s3.amazonaws.com/mnist/train-images-idx3-ubyte.gz,440fcabf73cc546fa21475e81ea370265605f56be210a4024d2ca8f203523609,1d414b27a38c78d4d1ba8ae4db8e5ea5336ee45c7576b4daf1a5a41757700000,784016,1000,28x28,155237,research benchmark; redistribution not assumed
grayscale_image_tensor,mnist,train,mnist_train_049.img,https://ossci-datasets.s3.amazonaws.com/mnist/train-images-idx3-ubyte.gz,440fcabf73cc546fa21475e81ea370265605f56be210a4024d2ca8f203523609,959d35c74cfdadd2ad3f42a28ffd2df79ccfc0fb9fdf30fce0be6b9c1efd4984,784016,1000,28x28,148422,research benchmark; redistribution not assumed
grayscale_image_tensor,mnist,train,mnist_train_050.img,https://ossci-datasets.s3.amazonaws.com/mnist/train-images-idx3-ubyte.gz,440fcabf73cc546fa21475e81ea370265605f56be210a4024d2ca8f203523609,b7f7c5740fb6bea27841e23699dd9eaccf2ba3efd8647f90a7d4b06c450de82a,784016,1000,28x28,147284,research benchmark; redistribution not assumed
grayscale_image_tensor,mnist,train,mnist_train_051.img,https://ossci-datasets.s3.amazonaws.com/mnist/train-images-idx3-ubyte.gz,440fcabf73cc546fa21475e81ea370265605f56be210a4024d2ca8f203523609,a5e17208871adc054634d0d0422c04b4c53763b7622304d5addd147f4e901e32,784016,1000,28x28,151200,research benchmark; redistribution not assumed
grayscale_image_tensor,mnist,train,mnist_train_052.img,https://ossci-datasets.s3.amazonaws.com/mnist/train-images-idx3-ubyte.gz,440fcabf73cc546fa21475e81ea370265605f56be210a4024d2ca8f203523609,4617a0e368a4de02db097e09c831f8eb07b25a43c5b29811bc197ea2a144977a,784016,1000,28x28,144961,research benchmark; redistribution not assumed
grayscale_image_tensor,mnist,train,mnist_train_053.img,https://ossci-datasets.s3.amazonaws.com/mnist/train-images-idx3-ubyte.gz,440fcabf73cc546fa21475e81ea370265605f56be210a4024d2ca8f203523609,48a1115699b428b77395756ac367232270f9faaf1a79433848dde85e4c4b8376,784016,1000,28x28,148126,research benchmark; redistribution not assumed
grayscale_image_tensor,mnist,train,mnist_train_054.img,https://ossci-datasets.s3.amazonaws.com/mnist/train-images-idx3-ubyte.gz,440fcabf73cc546fa21475e81ea370265605f56be210a4024d2ca8f203523609,2081948dbfae142f9aeaba10c38e8f82241bfccc31cea1c8d890164bf5e759ed,784016,1000,28x28,149771,research benchmark; redistribution not assumed
grayscale_image_tensor,mnist,train,mnist_train_055.img,https://ossci-datasets.s3.amazonaws.com/mnist/train-images-idx3-ubyte.gz,440fcabf73cc546fa21475e81ea370265605f56be210a4024d2ca8f203523609,8d9b90947c342750a548d0d08befa27dd88369d3bfdeb031fc0df3576de68222,784016,1000,28x28,153643,research benchmark; redistribution not assumed
grayscale_image_tensor,mnist,train,mnist_train_056.img,https://ossci-datasets.s3.amazonaws.com/mnist/train-images-idx3-ubyte.gz,440fcabf73cc546fa21475e81ea370265605f56be210a4024d2ca8f203523609,4dfb77ddd2017bab6ae7ec42ccbbc5ec5b35bf67f6302eb5d2333239e980d72b,784016,1000,28x28,146376,research benchmark; redistribution not assumed
grayscale_image_tensor,mnist,train,mnist_train_057.img,https://ossci-datasets.s3.amazonaws.com/mnist/train-images-idx3-ubyte.gz,440fcabf73cc546fa21475e81ea370265605f56be210a4024d2ca8f203523609,db5388fa261e0b8a32a4d57de523414317caeef283dab18cb1aede713ab0d47e,784016,1000,28x28,145059,research benchmark; redistribution not assumed
grayscale_image_tensor,mnist,train,mnist_train_058.img,https://ossci-datasets.s3.amazonaws.com/mnist/train-images-idx3-ubyte.gz,440fcabf73cc546fa21475e81ea370265605f56be210a4024d2ca8f203523609,17a03c0e5079f274a44c1343ff926d8255417f0b54d9428c9e98cdd1d6095584,784016,1000,28x28,145967,research benchmark; redistribution not assumed
grayscale_image_tensor,mnist,train,mnist_train_059.img,https://ossci-datasets.s3.amazonaws.com/mnist/train-images-idx3-ubyte.gz,440fcabf73cc546fa21475e81ea370265605f56be210a4024d2ca8f203523609,ca4b55de47a96b66013d65137520a48ef12dc9ac86ff7b1930354c6f5cfebe5c,784016,1000,28x28,158489,research benchmark; redistribution not assumed
grayscale_image_tensor,mnist,test,mnist_test_000.img,https://ossci-datasets.s3.amazonaws.com/mnist/t10k-images-idx3-ubyte.gz,8d422c7b0a1c1c79245a5bcf07fe86e33eeafee792b84584aec276f5a2dbc4e6,f23da05f2e79241d62870fa583661cf4fe2400654e934c65a0b097627d18cfcb,784016,1000,28x28,142391,research benchmark; redistribution not assumed
grayscale_image_tensor,mnist,test,mnist_test_001.img,https://ossci-datasets.s3.amazonaws.com/mnist/t10k-images-idx3-ubyte.gz,8d422c7b0a1c1c79245a5bcf07fe86e33eeafee792b84584aec276f5a2dbc4e6,f50c92368c1fcf4dda6af2ddd4003f51e288da09d7ebfb7a2c78e7760fd913a8,784016,1000,28x28,140567,research benchmark; redistribution not assumed
grayscale_image_tensor,mnist,test,mnist_test_002.img,https://ossci-datasets.s3.amazonaws.com/mnist/t10k-images-idx3-ubyte.gz,8d422c7b0a1c1c79245a5bcf07fe86e33eeafee792b84584aec276f5a2dbc4e6,7cacec6c3adba128a67aca4f18b0da0448f924deaca476bc6dafaf02a7569e34,784016,1000,28x28,142987,research benchmark; redistribution not assumed
grayscale_image_tensor,mnist,test,mnist_test_003.img,https://ossci-datasets.s3.amazonaws.com/mnist/t10k-images-idx3-ubyte.gz,8d422c7b0a1c1c79245a5bcf07fe86e33eeafee792b84584aec276f5a2dbc4e6,ec78e733eb411fc00af648cd7b78c69dd86e88df85fb0c9f013983ce93263766,784016,1000,28x28,144136,research benchmark; redistribution not assumed
grayscale_image_tensor,mnist,test,mnist_test_004.img,https://ossci-datasets.s3.amazonaws.com/mnist/t10k-images-idx3-ubyte.gz,8d422c7b0a1c1c79245a5bcf07fe86e33eeafee792b84584aec276f5a2dbc4e6,439e096663e8ce51bb64732614ec6fa330a7fb1c8f6a57488ba522fa4f9eac5f,784016,1000,28x28,142415,research benchmark; redistribution not assumed
grayscale_image_tensor,mnist,test,mnist_test_005.img,https://ossci-datasets.s3.amazonaws.com/mnist/t10k-images-idx3-ubyte.gz,8d422c7b0a1c1c79245a5bcf07fe86e33eeafee792b84584aec276f5a2dbc4e6,3bd09ca9b857f5e8b20c18420ad09da707fad438cd567c1e4d7dfe69f42f3ce7,784016,1000,28x28,155283,research benchmark; redistribution not assumed
grayscale_image_tensor,mnist,test,mnist_test_006.img,https://ossci-datasets.s3.amazonaws.com/mnist/t10k-images-idx3-ubyte.gz,8d422c7b0a1c1c79245a5bcf07fe86e33eeafee792b84584aec276f5a2dbc4e6,fc1394818b46db698e2f1c2a3bf7449fa4669e0b6ddc61905cced0c66ef18491,784016,1000,28x28,160167,research benchmark; redistribution not assumed
grayscale_image_tensor,mnist,test,mnist_test_007.img,https://ossci-datasets.s3.amazonaws.com/mnist/t10k-images-idx3-ubyte.gz,8d422c7b0a1c1c79245a5bcf07fe86e33eeafee792b84584aec276f5a2dbc4e6,2274eac8312d349665b84d90cde4a49732e662426e78245ffbc836615b4053e3,784016,1000,28x28,163212,research benchmark; redistribution not assumed
grayscale_image_tensor,mnist,test,mnist_test_008.img,https://ossci-datasets.s3.amazonaws.com/mnist/t10k-images-idx3-ubyte.gz,8d422c7b0a1c1c79245a5bcf07fe86e33eeafee792b84584aec276f5a2dbc4e6,98446bfadda16d004946c76a2de500235252e98b1de8f6f52cfa6652f30eb5f7,784016,1000,28x28,164207,research benchmark; redistribution not assumed
grayscale_image_tensor,mnist,test,mnist_test_009.img,https://ossci-datasets.s3.amazonaws.com/mnist/t10k-images-idx3-ubyte.gz,8d422c7b0a1c1c79245a5bcf07fe86e33eeafee792b84584aec276f5a2dbc4e6,a3d1d7deb73c74f7d115e76b7cc16b195c92cfabb231d41067f92b85598396d4,784016,1000,28x28,155854,research benchmark; redistribution not assumed
grayscale_image_tensor,fashion_mnist,train,fashion_mnist_train_000.img,http://fashion-mnist.s3-website.eu-central-1.amazonaws.com/train-images-idx3-ubyte.gz,3aede38d61863908ad78613f6a32ed271626dd12800ba2636569512369268a84,cc5d99ea3c21c6acc32e62c768d88e722879d258cdb64a28147e92d47665f907,784016,1000,28x28,384834,MIT repository license
grayscale_image_tensor,fashion_mnist,train,fashion_mnist_train_001.img,http://fashion-mnist.s3-website.eu-central-1.amazonaws.com/train-images-idx3-ubyte.gz,3aede38d61863908ad78613f6a32ed271626dd12800ba2636569512369268a84,05a2062d3c73f983ef43a18bd7b5d94cacceefd704f12e5c823a1738271fffd9,784016,1000,28x28,387555,MIT repository license
grayscale_image_tensor,fashion_mnist,train,fashion_mnist_train_002.img,http://fashion-mnist.s3-website.eu-central-1.amazonaws.com/train-images-idx3-ubyte.gz,3aede38d61863908ad78613f6a32ed271626dd12800ba2636569512369268a84,7e23c73438c9078ab2c6a923f3d0275070c99bb30271876327ce341f7eac93a8,784016,1000,28x28,388937,MIT repository license
grayscale_image_tensor,fashion_mnist,train,fashion_mnist_train_003.img,http://fashion-mnist.s3-website.eu-central-1.amazonaws.com/train-images-idx3-ubyte.gz,3aede38d61863908ad78613f6a32ed271626dd12800ba2636569512369268a84,6d6c91728ff92ba3b64b108a149a3da1e2d33d0e4677997ddc569edfcc8e8236,784016,1000,28x28,389778,MIT repository license
grayscale_image_tensor,fashion_mnist,train,fashion_mnist_train_004.img,http://fashion-mnist.s3-website.eu-central-1.amazonaws.com/train-images-idx3-ubyte.gz,3aede38d61863908ad78613f6a32ed271626dd12800ba2636569512369268a84,2f35fb8e22ddcbc6d689f43d72bba3c768f740f773cdd53f5a038d8865143920,784016,1000,28x28,389064,MIT repository license
grayscale_image_tensor,fashion_mnist,train,fashion_mnist_train_005.img,http://fashion-mnist.s3-website.eu-central-1.amazonaws.com/train-images-idx3-ubyte.gz,3aede38d61863908ad78613f6a32ed271626dd12800ba2636569512369268a84,b57de27e66d11d3f3b71f7d8520656ae3d3e48358bfaa685aaa020ba4f6f870a,784016,1000,28x28,391919,MIT repository license
grayscale_image_tensor,fashion_mnist,train,fashion_mnist_train_006.img,http://fashion-mnist.s3-website.eu-central-1.amazonaws.com/train-images-idx3-ubyte.gz,3aede38d61863908ad78613f6a32ed271626dd12800ba2636569512369268a84,3ea977ee4fa6f11732c140de1521909845f4decc2979152387dc189394e3d378,784016,1000,28x28,385082,MIT repository license
grayscale_image_tensor,fashion_mnist,train,fashion_mnist_train_007.img,http://fashion-mnist.s3-website.eu-central-1.amazonaws.com/train-images-idx3-ubyte.gz,3aede38d61863908ad78613f6a32ed271626dd12800ba2636569512369268a84,780f6fe659484262880fd733843c345f39a0338480736745a0ec57c8aaaf2c97,784016,1000,28x28,389422,MIT repository license
grayscale_image_tensor,fashion_mnist,train,fashion_mnist_train_008.img,http://fashion-mnist.s3-website.eu-central-1.amazonaws.com/train-images-idx3-ubyte.gz,3aede38d61863908ad78613f6a32ed271626dd12800ba2636569512369268a84,7bc77928856f26f1cc9e327919c24279913d8cac701dfe23ae2b9ecd80c2ea6c,784016,1000,28x28,396558,MIT repository license
grayscale_image_tensor,fashion_mnist,train,fashion_mnist_train_009.img,http://fashion-mnist.s3-website.eu-central-1.amazonaws.com/train-images-idx3-ubyte.gz,3aede38d61863908ad78613f6a32ed271626dd12800ba2636569512369268a84,943276d64df8d8d0340388bd500800e00b2b7f05537dcdd1b25302069dc7bd06,784016,1000,28x28,388013,MIT repository license
grayscale_image_tensor,fashion_mnist,train,fashion_mnist_train_010.img,http://fashion-mnist.s3-website.eu-central-1.amazonaws.com/train-images-idx3-ubyte.gz,3aede38d61863908ad78613f6a32ed271626dd12800ba2636569512369268a84,334a6efd21c4a90ff6ff51c4e0a63949e867a53c1f1fa353f4306cec2d2137b8,784016,1000,28x28,389382,MIT repository license
grayscale_image_tensor,fashion_mnist,train,fashion_mnist_train_011.img,http://fashion-mnist.s3-website.eu-central-1.amazonaws.com/train-images-idx3-ubyte.gz,3aede38d61863908ad78613f6a32ed271626dd12800ba2636569512369268a84,5f346875d3f8be4eb06e2a860e7b7786782b0f40f41bf2d929994a434d28b510,784016,1000,28x28,392770,MIT repository license
grayscale_image_tensor,fashion_mnist,train,fashion_mnist_train_012.img,http://fashion-mnist.s3-website.eu-central-1.amazonaws.com/train-images-idx3-ubyte.gz,3aede38d61863908ad78613f6a32ed271626dd12800ba2636569512369268a84,4206940f496b2f22ec17bc1f0c8b8194015e86b49fb6b9b3f11b0067fe0fa701,784016,1000,28x28,394375,MIT repository license
grayscale_image_tensor,fashion_mnist,train,fashion_mnist_train_013.img,http://fashion-mnist.s3-website.eu-central-1.amazonaws.com/train-images-idx3-ubyte.gz,3aede38d61863908ad78613f6a32ed271626dd12800ba2636569512369268a84,ad2d85ae105718d0e01dba42db0f78e7bbe567b271f5db718c2a574607393d0b,784016,1000,28x28,386858,MIT repository license
grayscale_image_tensor,fashion_mnist,train,fashion_mnist_train_014.img,http://fashion-mnist.s3-website.eu-central-1.amazonaws.com/train-images-idx3-ubyte.gz,3aede38d61863908ad78613f6a32ed271626dd12800ba2636569512369268a84,d7da11d4a6ca1794e99299e80ee0bcd510409d6f09fbdd9ea10cb1544039042d,784016,1000,28x28,393234,MIT repository license
grayscale_image_tensor,fashion_mnist,train,fashion_mnist_train_015.img,http://fashion-mnist.s3-website.eu-central-1.amazonaws.com/train-images-idx3-ubyte.gz,3aede38d61863908ad78613f6a32ed271626dd12800ba2636569512369268a84,ebee9e47cee6bc1d1d36b53b18e2c56809bc6046849036f1cfd3b43886fa888b,784016,1000,28x28,385056,MIT repository license
grayscale_image_tensor,fashion_mnist,train,fashion_mnist_train_016.img,http://fashion-mnist.s3-website.eu-central-1.amazonaws.com/train-images-idx3-ubyte.gz,3aede38d61863908ad78613f6a32ed271626dd12800ba2636569512369268a84,55ba6394b02a4dce651f1ed79120cecdf609564739098e169450ab9a91457daa,784016,1000,28x28,389994,MIT repository license
grayscale_image_tensor,fashion_mnist,train,fashion_mnist_train_017.img,http://fashion-mnist.s3-website.eu-central-1.amazonaws.com/train-images-idx3-ubyte.gz,3aede38d61863908ad78613f6a32ed271626dd12800ba2636569512369268a84,76d4e48f85ecfa8e3d0e0566668f6a70a7333a31dfff0cb6b5f4b77b3efb9cb2,784016,1000,28x28,390338,MIT repository license
grayscale_image_tensor,fashion_mnist,train,fashion_mnist_train_018.img,http://fashion-mnist.s3-website.eu-central-1.amazonaws.com/train-images-idx3-ubyte.gz,3aede38d61863908ad78613f6a32ed271626dd12800ba2636569512369268a84,f922c7edfa1712e61b453f8fc7179bb74ff5344ecb0f27b0773b87e3c10edb33,784016,1000,28x28,389254,MIT repository license
grayscale_image_tensor,fashion_mnist,train,fashion_mnist_train_019.img,http://fashion-mnist.s3-website.eu-central-1.amazonaws.com/train-images-idx3-ubyte.gz,3aede38d61863908ad78613f6a32ed271626dd12800ba2636569512369268a84,b95b61af5f0f6f15f7efca8b223b65c620f29ab483366ff36d09180637fb2aa6,784016,1000,28x28,398391,MIT repository license
grayscale_image_tensor,fashion_mnist,train,fashion_mnist_train_020.img,http://fashion-mnist.s3-website.eu-central-1.amazonaws.com/train-images-idx3-ubyte.gz,3aede38d61863908ad78613f6a32ed271626dd12800ba2636569512369268a84,8aef7617403574d254c7389d73d34e7d6e969624d49252552d42186bdadf2b07,784016,1000,28x28,388960,MIT repository license
grayscale_image_tensor,fashion_mnist,train,fashion_mnist_train_021.img,http://fashion-mnist.s3-website.eu-central-1.amazonaws.com/train-images-idx3-ubyte.gz,3aede38d61863908ad78613f6a32ed271626dd12800ba2636569512369268a84,822751c45b3029f8c99ae67df857d4a0bc84c5e056a268bfe61074ba98a0821c,784016,1000,28x28,396029,MIT repository license
grayscale_image_tensor,fashion_mnist,train,fashion_mnist_train_022.img,http://fashion-mnist.s3-website.eu-central-1.amazonaws.com/train-images-idx3-ubyte.gz,3aede38d61863908ad78613f6a32ed271626dd12800ba2636569512369268a84,f858f5938df88084465b5578837aeaed456bab26347b831d90bafac501df8427,784016,1000,28x28,386599,MIT repository license
grayscale_image_tensor,fashion_mnist,train,fashion_mnist_train_023.img,http://fashion-mnist.s3-website.eu-central-1.amazonaws.com/train-images-idx3-ubyte.gz,3aede38d61863908ad78613f6a32ed271626dd12800ba2636569512369268a84,e697d068ac7ce6556c172c877f66c5590fa1c8f3972d932a4d3e80c38868380c,784016,1000,28x28,387629,MIT repository license
grayscale_image_tensor,fashion_mnist,train,fashion_mnist_train_024.img,http://fashion-mnist.s3-website.eu-central-1.amazonaws.com/train-images-idx3-ubyte.gz,3aede38d61863908ad78613f6a32ed271626dd12800ba2636569512369268a84,ea4ba34b8dbb980851ef0d12d34b8e132366d9c54b8384c1f2d5de03fb680902,784016,1000,28x28,394006,MIT repository license
grayscale_image_tensor,fashion_mnist,train,fashion_mnist_train_025.img,http://fashion-mnist.s3-website.eu-central-1.amazonaws.com/train-images-idx3-ubyte.gz,3aede38d61863908ad78613f6a32ed271626dd12800ba2636569512369268a84,e1a15a81329c561c9d9e0c9c02a9b43de7c11dd57fc623ac9bd9254eb84298e6,784016,1000,28x28,392838,MIT repository license
grayscale_image_tensor,fashion_mnist,train,fashion_mnist_train_026.img,http://fashion-mnist.s3-website.eu-central-1.amazonaws.com/train-images-idx3-ubyte.gz,3aede38d61863908ad78613f6a32ed271626dd12800ba2636569512369268a84,650fc974df002f335c9f03f254367854be043da9e0cb9763a1ffd0c9173b7049,784016,1000,28x28,389746,MIT repository license
grayscale_image_tensor,fashion_mnist,train,fashion_mnist_train_027.img,http://fashion-mnist.s3-website.eu-central-1.amazonaws.com/train-images-idx3-ubyte.gz,3aede38d61863908ad78613f6a32ed271626dd12800ba2636569512369268a84,1546080086edbe658bf2fdd6d54025334e1a4bb7c69301de255a292ec1c733fc,784016,1000,28x28,389791,MIT repository license
grayscale_image_tensor,fashion_mnist,train,fashion_mnist_train_028.img,http://fashion-mnist.s3-website.eu-central-1.amazonaws.com/train-images-idx3-ubyte.gz,3aede38d61863908ad78613f6a32ed271626dd12800ba2636569512369268a84,5c4cfa2e2b85590374f49fe4961f5effade677e0e0a7fa986981d89da82e147a,784016,1000,28x28,392063,MIT repository license
grayscale_image_tensor,fashion_mnist,train,fashion_mnist_train_029.img,http://fashion-mnist.s3-website.eu-central-1.amazonaws.com/train-images-idx3-ubyte.gz,3aede38d61863908ad78613f6a32ed271626dd12800ba2636569512369268a84,275f23d27a31f01f3852ec35b10767482529f90bf128d210d5f08fbc466571ed,784016,1000,28x28,391271,MIT repository license
grayscale_image_tensor,fashion_mnist,train,fashion_mnist_train_030.img,http://fashion-mnist.s3-website.eu-central-1.amazonaws.com/train-images-idx3-ubyte.gz,3aede38d61863908ad78613f6a32ed271626dd12800ba2636569512369268a84,3a342a6335891630b516d3d1ea5a668e26e8359af0d35a6fb68f4a8cdefd935e,784016,1000,28x28,385941,MIT repository license
grayscale_image_tensor,fashion_mnist,train,fashion_mnist_train_031.img,http://fashion-mnist.s3-website.eu-central-1.amazonaws.com/train-images-idx3-ubyte.gz,3aede38d61863908ad78613f6a32ed271626dd12800ba2636569512369268a84,1195be8ff758289f74f72e5f18eaeab08fe7a446c7a4e35bf8c2e859b199c735,784016,1000,28x28,385969,MIT repository license
grayscale_image_tensor,fashion_mnist,train,fashion_mnist_train_032.img,http://fashion-mnist.s3-website.eu-central-1.amazonaws.com/train-images-idx3-ubyte.gz,3aede38d61863908ad78613f6a32ed271626dd12800ba2636569512369268a84,87eec342938f4baaeb14b309b1911be00476b302fc7ab6f8324ffb3aed54db84,784016,1000,28x28,389898,MIT repository license
grayscale_image_tensor,fashion_mnist,train,fashion_mnist_train_033.img,http://fashion-mnist.s3-website.eu-central-1.amazonaws.com/train-images-idx3-ubyte.gz,3aede38d61863908ad78613f6a32ed271626dd12800ba2636569512369268a84,767dcd7285e544fb1f78e7f6690576b0e32365f4d70d9a95c24a998d519b38cd,784016,1000,28x28,387275,MIT repository license
grayscale_image_tensor,fashion_mnist,train,fashion_mnist_train_034.img,http://fashion-mnist.s3-website.eu-central-1.amazonaws.com/train-images-idx3-ubyte.gz,3aede38d61863908ad78613f6a32ed271626dd12800ba2636569512369268a84,04b0972286827b3e1b0e7690a2cf1c30f4d391de7e15bc90d7ecd1dabd0c8a36,784016,1000,28x28,396764,MIT repository license
grayscale_image_tensor,fashion_mnist,train,fashion_mnist_train_035.img,http://fashion-mnist.s3-website.eu-central-1.amazonaws.com/train-images-idx3-ubyte.gz,3aede38d61863908ad78613f6a32ed271626dd12800ba2636569512369268a84,201e3ad3283a45fbb36fe0c0f76199e03af6564757891c43d244708f7eba1821,784016,1000,28x28,392732,MIT repository license
grayscale_image_tensor,fashion_mnist,train,fashion_mnist_train_036.img,http://fashion-mnist.s3-website.eu-central-1.amazonaws.com/train-images-idx3-ubyte.gz,3aede38d61863908ad78613f6a32ed271626dd12800ba2636569512369268a84,4edda0c6e6ac6421b8949f18e7b718042ed0f99b75ab2d17738844fbb9f71def,784016,1000,28x28,393238,MIT repository license
grayscale_image_tensor,fashion_mnist,train,fashion_mnist_train_037.img,http://fashion-mnist.s3-website.eu-central-1.amazonaws.com/train-images-idx3-ubyte.gz,3aede38d61863908ad78613f6a32ed271626dd12800ba2636569512369268a84,a79d672eda1c7a017acf1b36131a4496ee7faa2f1dc2366d48e5f7cb300518d6,784016,1000,28x28,384787,MIT repository license
grayscale_image_tensor,fashion_mnist,train,fashion_mnist_train_038.img,http://fashion-mnist.s3-website.eu-central-1.amazonaws.com/train-images-idx3-ubyte.gz,3aede38d61863908ad78613f6a32ed271626dd12800ba2636569512369268a84,79959545e0b474136f20c3a991b21269bfce81f7584accfb5c0b58798ef5e5ac,784016,1000,28x28,389717,MIT repository license
grayscale_image_tensor,fashion_mnist,train,fashion_mnist_train_039.img,http://fashion-mnist.s3-website.eu-central-1.amazonaws.com/train-images-idx3-ubyte.gz,3aede38d61863908ad78613f6a32ed271626dd12800ba2636569512369268a84,35118bde0be9f4573645c14dd14106271ab72d218de4aabec81f9b7a65202e1b,784016,1000,28x28,386047,MIT repository license
grayscale_image_tensor,fashion_mnist,train,fashion_mnist_train_040.img,http://fashion-mnist.s3-website.eu-central-1.amazonaws.com/train-images-idx3-ubyte.gz,3aede38d61863908ad78613f6a32ed271626dd12800ba2636569512369268a84,8ab348377d607c93d09c1a9dadd14a1fa4cc21f63a62e1326f5eca86bd6f810b,784016,1000,28x28,388907,MIT repository license
grayscale_image_tensor,fashion_mnist,train,fashion_mnist_train_041.img,http://fashion-mnist.s3-website.eu-central-1.amazonaws.com/train-images-idx3-ubyte.gz,3aede38d61863908ad78613f6a32ed271626dd12800ba2636569512369268a84,2998857171a2f2dd6391402334da36de271e19bdf5e8acffae56d4c850e0af93,784016,1000,28x28,391507,MIT repository license
grayscale_image_tensor,fashion_mnist,train,fashion_mnist_train_042.img,http://fashion-mnist.s3-website.eu-central-1.amazonaws.com/train-images-idx3-ubyte.gz,3aede38d61863908ad78613f6a32ed271626dd12800ba2636569512369268a84,b4957a5d33f50c8e29737733a6f1ee299800ea01014b10e0bf3b716e29b9ac03,784016,1000,28x28,388980,MIT repository license
grayscale_image_tensor,fashion_mnist,train,fashion_mnist_train_043.img,http://fashion-mnist.s3-website.eu-central-1.amazonaws.com/train-images-idx3-ubyte.gz,3aede38d61863908ad78613f6a32ed271626dd12800ba2636569512369268a84,b796cf9164117dc2befc9a45c386fca29f3f43e3932b38f20931b3f630a3ecc2,784016,1000,28x28,396766,MIT repository license
grayscale_image_tensor,fashion_mnist,train,fashion_mnist_train_044.img,http://fashion-mnist.s3-website.eu-central-1.amazonaws.com/train-images-idx3-ubyte.gz,3aede38d61863908ad78613f6a32ed271626dd12800ba2636569512369268a84,47d726e96f8927bec630c9cf2e1bf50e047482ee61da538d426f8aa26f80c7ce,784016,1000,28x28,388677,MIT repository license
grayscale_image_tensor,fashion_mnist,train,fashion_mnist_train_045.img,http://fashion-mnist.s3-website.eu-central-1.amazonaws.com/train-images-idx3-ubyte.gz,3aede38d61863908ad78613f6a32ed271626dd12800ba2636569512369268a84,36aea29967fe8c6aea291cb9677d72ce9f10f3245e254dd1fb141af3fcf126d2,784016,1000,28x28,388030,MIT repository license
grayscale_image_tensor,fashion_mnist,train,fashion_mnist_train_046.img,http://fashion-mnist.s3-website.eu-central-1.amazonaws.com/train-images-idx3-ubyte.gz,3aede38d61863908ad78613f6a32ed271626dd12800ba2636569512369268a84,0ca5a3d6d5bf523ec1ec355b506dc29652d98e389fece8b1eeb340e241e68fb9,784016,1000,28x28,384776,MIT repository license
grayscale_image_tensor,fashion_mnist,train,fashion_mnist_train_047.img,http://fashion-mnist.s3-website.eu-central-1.amazonaws.com/train-images-idx3-ubyte.gz,3aede38d61863908ad78613f6a32ed271626dd12800ba2636569512369268a84,d21fe906b9ec431b9fa27832b33fb29703171310b439d392b0bda46a8ad85724,784016,1000,28x28,391298,MIT repository license
grayscale_image_tensor,fashion_mnist,train,fashion_mnist_train_048.img,http://fashion-mnist.s3-website.eu-central-1.amazonaws.com/train-images-idx3-ubyte.gz,3aede38d61863908ad78613f6a32ed271626dd12800ba2636569512369268a84,b9d3845a83b2451c19d2ab276495644ae5b92bedbd042e65fa0aeb80e8c7918d,784016,1000,28x28,390299,MIT repository license
grayscale_image_tensor,fashion_mnist,train,fashion_mnist_train_049.img,http://fashion-mnist.s3-website.eu-central-1.amazonaws.com/train-images-idx3-ubyte.gz,3aede38d61863908ad78613f6a32ed271626dd12800ba2636569512369268a84,2d36696ecd7d99e65bf704169c021cc0188e361d5a2827859aa7355d565bf0eb,784016,1000,28x28,388980,MIT repository license
grayscale_image_tensor,fashion_mnist,train,fashion_mnist_train_050.img,http://fashion-mnist.s3-website.eu-central-1.amazonaws.com/train-images-idx3-ubyte.gz,3aede38d61863908ad78613f6a32ed271626dd12800ba2636569512369268a84,7125cc47e2755ee769a0509486f11b5a46cc63a407f86403c1b0113723216957,784016,1000,28x28,387104,MIT repository license
grayscale_image_tensor,fashion_mnist,train,fashion_mnist_train_051.img,http://fashion-mnist.s3-website.eu-central-1.amazonaws.com/train-images-idx3-ubyte.gz,3aede38d61863908ad78613f6a32ed271626dd12800ba2636569512369268a84,07864e064f22f060b613c8aa4992c494a65e9d3e8adf0d68907b8d1cddb79dcd,784016,1000,28x28,396858,MIT repository license
grayscale_image_tensor,fashion_mnist,train,fashion_mnist_train_052.img,http://fashion-mnist.s3-website.eu-central-1.amazonaws.com/train-images-idx3-ubyte.gz,3aede38d61863908ad78613f6a32ed271626dd12800ba2636569512369268a84,c2050c4ed5848eafef9c9e6a8f3285ca3206410bb6107765791cee120c058aba,784016,1000,28x28,390565,MIT repository license
grayscale_image_tensor,fashion_mnist,train,fashion_mnist_train_053.img,http://fashion-mnist.s3-website.eu-central-1.amazonaws.com/train-images-idx3-ubyte.gz,3aede38d61863908ad78613f6a32ed271626dd12800ba2636569512369268a84,6dde12cc51164c7a150ac0a02a3f2ed1fef05d323eb2f1e16b0d136178fe2cb9,784016,1000,28x28,388870,MIT repository license
grayscale_image_tensor,fashion_mnist,train,fashion_mnist_train_054.img,http://fashion-mnist.s3-website.eu-central-1.amazonaws.com/train-images-idx3-ubyte.gz,3aede38d61863908ad78613f6a32ed271626dd12800ba2636569512369268a84,e405157b89b952cf729a47d383a4bbac80f3ba902f4adeb256bcfcf9a16e3a47,784016,1000,28x28,395928,MIT repository license
grayscale_image_tensor,fashion_mnist,train,fashion_mnist_train_055.img,http://fashion-mnist.s3-website.eu-central-1.amazonaws.com/train-images-idx3-ubyte.gz,3aede38d61863908ad78613f6a32ed271626dd12800ba2636569512369268a84,bdafe7583b1e326942148265cf83feae43b2f3298526201848dfef2517c3b9d3,784016,1000,28x28,396918,MIT repository license
grayscale_image_tensor,fashion_mnist,train,fashion_mnist_train_056.img,http://fashion-mnist.s3-website.eu-central-1.amazonaws.com/train-images-idx3-ubyte.gz,3aede38d61863908ad78613f6a32ed271626dd12800ba2636569512369268a84,095931cdf5653ef0e907cc978f92d326184da928b49a9d677322edaad26f5da8,784016,1000,28x28,392760,MIT repository license
grayscale_image_tensor,fashion_mnist,train,fashion_mnist_train_057.img,http://fashion-mnist.s3-website.eu-central-1.amazonaws.com/train-images-idx3-ubyte.gz,3aede38d61863908ad78613f6a32ed271626dd12800ba2636569512369268a84,a1e7ce7940342b435e88a485cf8cdf3ce6487f15928061a267d16415a1b52747,784016,1000,28x28,389476,MIT repository license
grayscale_image_tensor,fashion_mnist,train,fashion_mnist_train_058.img,http://fashion-mnist.s3-website.eu-central-1.amazonaws.com/train-images-idx3-ubyte.gz,3aede38d61863908ad78613f6a32ed271626dd12800ba2636569512369268a84,edf23538714c928346f2536016a746bf2ee1a1668a51ead4c05cad047018f0f0,784016,1000,28x28,392208,MIT repository license
grayscale_image_tensor,fashion_mnist,train,fashion_mnist_train_059.img,http://fashion-mnist.s3-website.eu-central-1.amazonaws.com/train-images-idx3-ubyte.gz,3aede38d61863908ad78613f6a32ed271626dd12800ba2636569512369268a84,545104e4db7631731856d0ed692e1509e661a7c2c33c256ad8469aed36be0444,784016,1000,28x28,392481,MIT repository license
grayscale_image_tensor,fashion_mnist,test,fashion_mnist_test_000.img,http://fashion-mnist.s3-website.eu-central-1.amazonaws.com/t10k-images-idx3-ubyte.gz,346e55b948d973a97e58d2351dde16a484bd415d4595297633bb08f03db6a073,c16291d17e54211665371051102e3fbbd622934773af8cdda52f658aadfa1614,784016,1000,28x28,393314,MIT repository license
grayscale_image_tensor,fashion_mnist,test,fashion_mnist_test_001.img,http://fashion-mnist.s3-website.eu-central-1.amazonaws.com/t10k-images-idx3-ubyte.gz,346e55b948d973a97e58d2351dde16a484bd415d4595297633bb08f03db6a073,65591ae0864da4231c01feb8b6170b802c761e475d3efebbbe6b110d38e181d8,784016,1000,28x28,391323,MIT repository license
grayscale_image_tensor,fashion_mnist,test,fashion_mnist_test_002.img,http://fashion-mnist.s3-website.eu-central-1.amazonaws.com/t10k-images-idx3-ubyte.gz,346e55b948d973a97e58d2351dde16a484bd415d4595297633bb08f03db6a073,917362a3abef26dfcb49163f8d799fe113ccb1ed1c53aaf7597a6765002788bf,784016,1000,28x28,393104,MIT repository license
grayscale_image_tensor,fashion_mnist,test,fashion_mnist_test_003.img,http://fashion-mnist.s3-website.eu-central-1.amazonaws.com/t10k-images-idx3-ubyte.gz,346e55b948d973a97e58d2351dde16a484bd415d4595297633bb08f03db6a073,f7bdd4e9a585a9f5d984d09202db33289bc9d92f1f43e6f3fb98934b1c29c1c5,784016,1000,28x28,390307,MIT repository license
grayscale_image_tensor,fashion_mnist,test,fashion_mnist_test_004.img,http://fashion-mnist.s3-website.eu-central-1.amazonaws.com/t10k-images-idx3-ubyte.gz,346e55b948d973a97e58d2351dde16a484bd415d4595297633bb08f03db6a073,0e474d13b55d66649df05ddd49188bd7ff2dbc2378cca7f24140a8b52fc21084,784016,1000,28x28,393222,MIT repository license
grayscale_image_tensor,fashion_mnist,test,fashion_mnist_test_005.img,http://fashion-mnist.s3-website.eu-central-1.amazonaws.com/t10k-images-idx3-ubyte.gz,346e55b948d973a97e58d2351dde16a484bd415d4595297633bb08f03db6a073,0edfd8baa25c6e88a895dcdfae561f9395e4c41d41a6b3cb9bcb5cdb57fdc6ea,784016,1000,28x28,388870,MIT repository license
grayscale_image_tensor,fashion_mnist,test,fashion_mnist_test_006.img,http://fashion-mnist.s3-website.eu-central-1.amazonaws.com/t10k-images-idx3-ubyte.gz,346e55b948d973a97e58d2351dde16a484bd415d4595297633bb08f03db6a073,72428e11f83d46711d5c2439ccf4e9a6647570df634817b8be8e81dce96a6510,784016,1000,28x28,388771,MIT repository license
grayscale_image_tensor,fashion_mnist,test,fashion_mnist_test_007.img,http://fashion-mnist.s3-website.eu-central-1.amazonaws.com/t10k-images-idx3-ubyte.gz,346e55b948d973a97e58d2351dde16a484bd415d4595297633bb08f03db6a073,bf6ef2f16e966300924d277313d51929f12483171fb3da69d9520ff5f38ecad3,784016,1000,28x28,392608,MIT repository license
grayscale_image_tensor,fashion_mnist,test,fashion_mnist_test_008.img,http://fashion-mnist.s3-website.eu-central-1.amazonaws.com/t10k-images-idx3-ubyte.gz,346e55b948d973a97e58d2351dde16a484bd415d4595297633bb08f03db6a073,23f9ee84a101d5412d8641103ef9591d122a2878ace26e4a8eb3a26dc5654198,784016,1000,28x28,391418,MIT repository license
grayscale_image_tensor,fashion_mnist,test,fashion_mnist_test_009.img,http://fashion-mnist.s3-website.eu-central-1.amazonaws.com/t10k-images-idx3-ubyte.gz,346e55b948d973a97e58d2351dde16a484bd415d4595297633bb08f03db6a073,72fbf7d3d00b35f9f83aaa3727ef8524ee38fa261797e73284d648f781a77f9b,784016,1000,28x28,397880,MIT repository license
