domain,dataset,split,file,method,original_bytes,encoded_bytes,ratio,encode_seconds
sparse_matrix_pattern,SuiteSparse_HB_bcsstk,test,bcsstk07.smb,asbx_oracle,22078,8750,0.39632213062777427,0.15987739991396666
sparse_matrix_pattern,SuiteSparse_HB_bcsstk,test,bcsstk07.smb,asbx_deterministic,22078,8750,0.39632213062777427,0.08364279998932034
sparse_matrix_pattern,SuiteSparse_HB_bcsstk,test,bcsstk07.smb,asbx_fixed_raw,22078,22087,1.0004076456200743,0.0009229000424966216
sparse_matrix_pattern,SuiteSparse_HB_bcsstk,test,bcsstk07.smb,asbx_fixed_zero,22078,22087,1.0004076456200743,0.0004536999622359872
sparse_matrix_pattern,SuiteSparse_HB_bcsstk,test,bcsstk07.smb,asbx_fixed_zero_trim,22078,19605,0.8879880423951445,0.00233039993327111
sparse_matrix_pattern,SuiteSparse_HB_bcsstk,test,bcsstk07.smb,asbx_fixed_one_gaps,22078,8750,0.39632213062777427,0.05953680002130568
sparse_matrix_pattern,SuiteSparse_HB_bcsstk,test,bcsstk07.smb,asbx_fixed_zero_gaps,22078,22087,1.0004076456200743,0.2670010000001639
sparse_matrix_pattern,SuiteSparse_HB_bcsstk,test,bcsstk07.smb,zlib_9,22078,1406,0.06368330464716007,0.004870499949902296
sparse_matrix_pattern,SuiteSparse_HB_bcsstk,test,bcsstk07.smb,bzip2_9,22078,1186,0.05371863393423317,0.0020252999383956194
sparse_matrix_pattern,SuiteSparse_HB_bcsstk,test,bcsstk07.smb,lzma_9,22078,1092,0.04946100190234623,0.0480041999835521
sparse_matrix_pattern,SuiteSparse_HB_bcsstk,test,bcsstk07.smb,sparse_position_gaps,22078,8289,0.3754416160884138,0.042886999901384115
sparse_matrix_pattern,SuiteSparse_HB_bcsstk,test,bcsstk08.smb,asbx_oracle,144213,17646,0.1223606748351397,1.0857435000361875
sparse_matrix_pattern,SuiteSparse_HB_bcsstk,test,bcsstk08.smb,asbx_deterministic,144213,17682,0.12261030558964864,0.4283205000683665
sparse_matrix_pattern,SuiteSparse_HB_bcsstk,test,bcsstk08.smb,asbx_fixed_raw,144213,144222,1.0000624076886273,0.003541499958373606
sparse_matrix_pattern,SuiteSparse_HB_bcsstk,test,bcsstk08.smb,asbx_fixed_zero,144213,144222,1.0000624076886273,0.002027899958193302
sparse_matrix_pattern,SuiteSparse_HB_bcsstk,test,bcsstk08.smb,asbx_fixed_zero_trim,144213,112329,0.7789103617565684,0.01416270004119724
sparse_matrix_pattern,SuiteSparse_HB_bcsstk,test,bcsstk08.smb,asbx_fixed_one_gaps,144213,17754,0.12310956709866655,0.29621830000542104
sparse_matrix_pattern,SuiteSparse_HB_bcsstk,test,bcsstk08.smb,asbx_fixed_zero_gaps,144213,144222,1.0000624076886273,1.8268193000694737
sparse_matrix_pattern,SuiteSparse_HB_bcsstk,test,bcsstk08.smb,zlib_9,144213,11669,0.08091503539902782,0.05426060000900179
sparse_matrix_pattern,SuiteSparse_HB_bcsstk,test,bcsstk08.smb,bzip2_9,144213,10502,0.07282283844036253,0.0051735999295488
sparse_matrix_pattern,SuiteSparse_HB_bcsstk,test,bcsstk08.smb,lzma_9,144213,10296,0.07139439578956128,0.07781080005224794
sparse_matrix_pattern,SuiteSparse_HB_bcsstk,test,bcsstk08.smb,sparse_position_gaps,144213,15481,0.10734815862647612,0.2610202000942081
sparse_matrix_pattern,SuiteSparse_HB_bcsstk,test,bcsstk09.smb,asbx_oracle,146640,22352,0.1524277141298418,1.0681369999656454
sparse_matrix_pattern,SuiteSparse_HB_bcsstk,test,bcsstk09.smb,asbx_deterministic,146640,22360,0.1524822695035461,0.42693850002251565
sparse_matrix_pattern,SuiteSparse_HB_bcsstk,test,bcsstk09.smb,asbx_fixed_raw,146640,146649,1.0000613747954175,0.004159300005994737
sparse_matrix_pattern,SuiteSparse_HB_bcsstk,test,bcsstk09.smb,asbx_fixed_zero,146640,146649,1.0000613747954175,0.0026178000262007117
sparse_matrix_pattern,SuiteSparse_HB_bcsstk,test,bcsstk09.smb,asbx_fixed_zero_trim,146640,89196,0.608265139116203,0.015104599995538592
sparse_matrix_pattern,SuiteSparse_HB_bcsstk,test,bcsstk09.smb,asbx_fixed_one_gaps,146640,22360,0.1524822695035461,0.3580851999577135
sparse_matrix_pattern,SuiteSparse_HB_bcsstk,test,bcsstk09.smb,asbx_fixed_zero_gaps,146640,146649,1.0000613747954175,1.8161003000568599
sparse_matrix_pattern,SuiteSparse_HB_bcsstk,test,bcsstk09.smb,zlib_9,146640,1188,0.008101472995090016,0.0049452000530436635
sparse_matrix_pattern,SuiteSparse_HB_bcsstk,test,bcsstk09.smb,bzip2_9,146640,424,0.0028914348063284233,0.0030848999740555882
sparse_matrix_pattern,SuiteSparse_HB_bcsstk,test,bcsstk09.smb,lzma_9,146640,396,0.002700490998363339,0.04592629999388009
sparse_matrix_pattern,SuiteSparse_HB_bcsstk,test,bcsstk09.smb,sparse_position_gaps,146640,19530,0.1331833060556465,0.25614960002712905
grayscale_image_tensor,mnist,test,mnist_test_000.img,asbx_oracle,784016,496973,0.6338811963021163,5.737968300003558
grayscale_image_tensor,mnist,test,mnist_test_000.img,asbx_deterministic,784016,506771,0.6463783902369339,1.1019673000555485
grayscale_image_tensor,mnist,test,mnist_test_000.img,asbx_fixed_raw,784016,784025,1.000011479357564,0.03202029992826283
grayscale_image_tensor,mnist,test,mnist_test_000.img,asbx_fixed_zero,784016,780583,0.9956212628313708,0.020888100028969347
grayscale_image_tensor,mnist,test,mnist_test_000.img,asbx_fixed_zero_trim,784016,540292,0.689133895226628,0.0814570999937132
grayscale_image_tensor,mnist,test,mnist_test_000.img,asbx_fixed_one_gaps,784016,584470,0.7454822350564274,2.7020911999279633
grayscale_image_tensor,mnist,test,mnist_test_000.img,asbx_fixed_zero_gaps,784016,784025,1.000011479357564,9.184444400016218
grayscale_image_tensor,mnist,test,mnist_test_000.img,zlib_9,784016,155841,0.19877272912797697,0.2746776998974383
grayscale_image_tensor,mnist,test,mnist_test_000.img,bzip2_9,784016,140213,0.1788394624599498,0.026169000077061355
grayscale_image_tensor,mnist,test,mnist_test_000.img,lzma_9,784016,137164,0.17495051121405686,0.33765180001500994
grayscale_image_tensor,mnist,test,mnist_test_000.img,png_per_image,784016,268166,0.3420414889492051,0.1850370999891311
grayscale_image_tensor,mnist,test,mnist_test_001.img,asbx_oracle,784016,494835,0.6311542111385482,5.935699299909174
grayscale_image_tensor,mnist,test,mnist_test_001.img,asbx_deterministic,784016,505558,0.6448312279341238,1.11921550007537
grayscale_image_tensor,mnist,test,mnist_test_001.img,asbx_fixed_raw,784016,784025,1.000011479357564,0.02414740005042404
grayscale_image_tensor,mnist,test,mnist_test_001.img,asbx_fixed_zero,784016,782896,0.9985714577253525,0.017624499974772334
grayscale_image_tensor,mnist,test,mnist_test_001.img,asbx_fixed_zero_trim,784016,536535,0.68434190118569,0.09756680007558316
grayscale_image_tensor,mnist,test,mnist_test_001.img,asbx_fixed_one_gaps,784016,581955,0.7422743923593396,2.6590016999980435
grayscale_image_tensor,mnist,test,mnist_test_001.img,asbx_fixed_zero_gaps,784016,784025,1.000011479357564,8.98031070001889
grayscale_image_tensor,mnist,test,mnist_test_001.img,zlib_9,784016,156563,0.19969362870145507,0.27833590004593134
grayscale_image_tensor,mnist,test,mnist_test_001.img,bzip2_9,784016,141634,0.18065192547090875,0.030947300023399293
grayscale_image_tensor,mnist,test,mnist_test_001.img,lzma_9,784016,138388,0.17651170384277873,0.35969489999115467
grayscale_image_tensor,mnist,test,mnist_test_001.img,png_per_image,784016,268558,0.34254147874533175,0.14348379999864846
grayscale_image_tensor,mnist,test,mnist_test_002.img,asbx_oracle,784016,499446,0.6370354686639048,5.924136499990709
grayscale_image_tensor,mnist,test,mnist_test_002.img,asbx_deterministic,784016,509128,0.6493847064345626,1.0796526999911293
grayscale_image_tensor,mnist,test,mnist_test_002.img,asbx_fixed_raw,784016,784025,1.000011479357564,0.024923300021328032
grayscale_image_tensor,mnist,test,mnist_test_002.img,asbx_fixed_zero,784016,779298,0.9939822656680476,0.01808579999487847
grayscale_image_tensor,mnist,test,mnist_test_002.img,asbx_fixed_zero_trim,784016,543413,0.693114681333034,0.1023764000274241
grayscale_image_tensor,mnist,test,mnist_test_002.img,asbx_fixed_one_gaps,784016,590173,0.7527563212995653,2.7343502999283373
grayscale_image_tensor,mnist,test,mnist_test_002.img,asbx_fixed_zero_gaps,784016,784025,1.000011479357564,8.979373799986206
grayscale_image_tensor,mnist,test,mnist_test_002.img,zlib_9,784016,158199,0.2017803208097794,0.2742504000198096
grayscale_image_tensor,mnist,test,mnist_test_002.img,bzip2_9,784016,142781,0.1821149058182486,0.03013000008650124
grayscale_image_tensor,mnist,test,mnist_test_002.img,lzma_9,784016,139456,0.17787392094038898,0.33925259998068213
grayscale_image_tensor,mnist,test,mnist_test_002.img,png_per_image,784016,271130,0.3458220240403257,0.1382466999348253
grayscale_image_tensor,mnist,test,mnist_test_003.img,asbx_oracle,784016,497796,0.6349309197771474,5.875302500091493
grayscale_image_tensor,mnist,test,mnist_test_003.img,asbx_deterministic,784016,508110,0.6480862635456419,1.127774600056
grayscale_image_tensor,mnist,test,mnist_test_003.img,asbx_fixed_raw,784016,784025,1.000011479357564,0.03492619993630797
grayscale_image_tensor,mnist,test,mnist_test_003.img,asbx_fixed_zero,784016,781354,0.9966046611293647,0.015120500000193715
grayscale_image_tensor,mnist,test,mnist_test_003.img,asbx_fixed_zero_trim,784016,539676,0.6883481969755719,0.09741889999713749
grayscale_image_tensor,mnist,test,mnist_test_003.img,asbx_fixed_one_gaps,784016,585928,0.7473418909818167,2.702974700019695
grayscale_image_tensor,mnist,test,mnist_test_003.img,asbx_fixed_zero_gaps,784016,784025,1.000011479357564,8.521321599953808
grayscale_image_tensor,mnist,test,mnist_test_003.img,zlib_9,784016,158876,0.20264382359543684,0.28351649991236627
grayscale_image_tensor,mnist,test,mnist_test_003.img,bzip2_9,784016,143685,0.18326794351135692,0.025145300081931055
grayscale_image_tensor,mnist,test,mnist_test_003.img,lzma_9,784016,140144,0.17875145405195814,0.3472194999922067
grayscale_image_tensor,mnist,test,mnist_test_003.img,png_per_image,784016,271790,0.34666384359502866,0.13953309995122254
grayscale_image_tensor,mnist,test,mnist_test_004.img,asbx_oracle,784016,496139,0.6328174425011734,5.865141999907792
grayscale_image_tensor,mnist,test,mnist_test_004.img,asbx_deterministic,784016,505707,0.6450212750760188,1.116352100041695
grayscale_image_tensor,mnist,test,mnist_test_004.img,asbx_fixed_raw,784016,784025,1.000011479357564,0.026973300031386316
grayscale_image_tensor,mnist,test,mnist_test_004.img,asbx_fixed_zero,784016,779555,0.9943100651007122,0.013619799981825054
grayscale_image_tensor,mnist,test,mnist_test_004.img,asbx_fixed_zero_trim,784016,537415,0.6854643272586274,0.0879661999642849
grayscale_image_tensor,mnist,test,mnist_test_004.img,asbx_fixed_one_gaps,784016,584147,0.7450702536682925,2.739813100080937
grayscale_image_tensor,mnist,test,mnist_test_004.img,asbx_fixed_zero_gaps,784016,784025,1.000011479357564,8.985518299974501
grayscale_image_tensor,mnist,test,mnist_test_004.img,zlib_9,784016,155196,0.1979500418358809,0.2797543000197038
grayscale_image_tensor,mnist,test,mnist_test_004.img,bzip2_9,784016,140049,0.17863028305544784,0.023808899917639792
grayscale_image_tensor,mnist,test,mnist_test_004.img,lzma_9,784016,136700,0.1743586865574172,0.3460213999496773
grayscale_image_tensor,mnist,test,mnist_test_004.img,png_per_image,784016,267613,0.3413361462010979,0.14200600003823638
grayscale_image_tensor,mnist,test,mnist_test_005.img,asbx_oracle,784016,510539,0.6511844146037836,5.908988400013186
grayscale_image_tensor,mnist,test,mnist_test_005.img,asbx_deterministic,784016,520323,0.6636637517601681,0.9925316000590101
grayscale_image_tensor,mnist,test,mnist_test_005.img,asbx_fixed_raw,784016,784025,1.000011479357564,0.028327199979685247
grayscale_image_tensor,mnist,test,mnist_test_005.img,asbx_fixed_zero,784016,779298,0.9939822656680476,0.02100760000757873
grayscale_image_tensor,mnist,test,mnist_test_005.img,asbx_fixed_zero_trim,784016,539459,0.688071416909859,0.09586600004695356
grayscale_image_tensor,mnist,test,mnist_test_005.img,asbx_fixed_one_gaps,784016,611208,0.7795861308952878,2.9406066000228748
grayscale_image_tensor,mnist,test,mnist_test_005.img,asbx_fixed_zero_gaps,784016,784025,1.000011479357564,8.83505510003306
grayscale_image_tensor,mnist,test,mnist_test_005.img,zlib_9,784016,161967,0.20658634517662905,0.2820128999883309
grayscale_image_tensor,mnist,test,mnist_test_005.img,bzip2_9,784016,143161,0.1825995898042897,0.027340800035744905
grayscale_image_tensor,mnist,test,mnist_test_005.img,lzma_9,784016,141492,0.18047080671823024,0.35682740004267544
grayscale_image_tensor,mnist,test,mnist_test_005.img,png_per_image,784016,278115,0.35473128099426543,0.14681369997560978
grayscale_image_tensor,mnist,test,mnist_test_006.img,asbx_oracle,784016,505547,0.6448171976082121,5.939422700088471
grayscale_image_tensor,mnist,test,mnist_test_006.img,asbx_deterministic,784016,514818,0.6566422113834411,0.9910338000627235
grayscale_image_tensor,mnist,test,mnist_test_006.img,asbx_fixed_raw,784016,784025,1.000011479357564,0.02681579999625683
grayscale_image_tensor,mnist,test,mnist_test_006.img,asbx_fixed_zero,784016,775186,0.9887374747454134,0.01380829990375787
grayscale_image_tensor,mnist,test,mnist_test_006.img,asbx_fixed_zero_trim,784016,534734,0.68204475418869,0.08660449995659292
grayscale_image_tensor,mnist,test,mnist_test_006.img,asbx_fixed_one_gaps,784016,608329,0.7759140119589396,2.8640679999953136
grayscale_image_tensor,mnist,test,mnist_test_006.img,asbx_fixed_zero_gaps,784016,784025,1.000011479357564,8.784560199943371
grayscale_image_tensor,mnist,test,mnist_test_006.img,zlib_9,784016,161071,0.20544351135691108,0.2892437999835238
grayscale_image_tensor,mnist,test,mnist_test_006.img,bzip2_9,784016,143687,0.1832704944797045,0.02526300004683435
grayscale_image_tensor,mnist,test,mnist_test_006.img,lzma_9,784016,140580,0.1793075651517316,0.337918599951081
grayscale_image_tensor,mnist,test,mnist_test_006.img,png_per_image,784016,276877,0.35315223158711045,0.14063409995287657
grayscale_image_tensor,mnist,test,mnist_test_007.img,asbx_oracle,784016,508342,0.6483821758739617,5.809953999938443
grayscale_image_tensor,mnist,test,mnist_test_007.img,asbx_deterministic,784016,515384,0.6573641354258076,0.961054899962619
grayscale_image_tensor,mnist,test,mnist_test_007.img,asbx_fixed_raw,784016,784025,1.000011479357564,0.031145900022238493
grayscale_image_tensor,mnist,test,mnist_test_007.img,asbx_fixed_zero,784016,770817,0.9831648843901145,0.01977380004245788
grayscale_image_tensor,mnist,test,mnist_test_007.img,asbx_fixed_zero_trim,784016,532621,0.6793496561294667,0.08461949997581542
grayscale_image_tensor,mnist,test,mnist_test_007.img,asbx_fixed_one_gaps,784016,614327,0.7835643660333462,2.884071800042875
grayscale_image_tensor,mnist,test,mnist_test_007.img,asbx_fixed_zero_gaps,784016,784025,1.000011479357564,8.638741899980232
grayscale_image_tensor,mnist,test,mnist_test_007.img,zlib_9,784016,163808,0.2089345115405808,0.2853082000510767
grayscale_image_tensor,mnist,test,mnist_test_007.img,bzip2_9,784016,144780,0.18466459868165955,0.03022489999420941
grayscale_image_tensor,mnist,test,mnist_test_007.img,lzma_9,784016,142916,0.18228709618171057,0.35321119998116046
grayscale_image_tensor,mnist,test,mnist_test_007.img,png_per_image,784016,279691,0.3567414440521622,0.1532395000103861
grayscale_image_tensor,mnist,test,mnist_test_008.img,asbx_oracle,784016,511713,0.6526818330238159,5.944723499938846
grayscale_image_tensor,mnist,test,mnist_test_008.img,asbx_deterministic,784016,517934,0.6606166200689781,0.9022520000580698
grayscale_image_tensor,mnist,test,mnist_test_008.img,asbx_fixed_raw,784016,784025,1.000011479357564,0.02548049995675683
grayscale_image_tensor,mnist,test,mnist_test_008.img,asbx_fixed_zero,784016,775041,0.9885525295402134,0.016928000026382506
grayscale_image_tensor,mnist,test,mnist_test_008.img,asbx_fixed_zero_trim,784016,527974,0.6734224811738536,0.08312799991108477
grayscale_image_tensor,mnist,test,mnist_test_008.img,asbx_fixed_one_gaps,784016,622096,0.7934736025795391,2.7342454999452457
grayscale_image_tensor,mnist,test,mnist_test_008.img,asbx_fixed_zero_gaps,784016,784025,1.000011479357564,8.720757300034165
grayscale_image_tensor,mnist,test,mnist_test_008.img,zlib_9,784016,164767,0.2101577008632477,0.28896729997359216
grayscale_image_tensor,mnist,test,mnist_test_008.img,bzip2_9,784016,144916,0.18483806452929533,0.026115100015886128
grayscale_image_tensor,mnist,test,mnist_test_008.img,lzma_9,784016,143032,0.18243505234587049,0.3482031999155879
grayscale_image_tensor,mnist,test,mnist_test_008.img,png_per_image,784016,282956,0.3609058998795943,0.1405257999431342
grayscale_image_tensor,mnist,test,mnist_test_009.img,asbx_oracle,784016,503789,0.6425748964306851,5.780918000033125
grayscale_image_tensor,mnist,test,mnist_test_009.img,asbx_deterministic,784016,512617,0.6538348707169241,0.997635200037621
grayscale_image_tensor,mnist,test,mnist_test_009.img,asbx_fixed_raw,784016,784025,1.000011479357564,0.021509099984541535
grayscale_image_tensor,mnist,test,mnist_test_009.img,asbx_fixed_zero,784016,772214,0.9849467357809024,0.01700730004813522
grayscale_image_tensor,mnist,test,mnist_test_009.img,asbx_fixed_zero_trim,784016,533023,0.6798624007673313,0.09445960004813969
grayscale_image_tensor,mnist,test,mnist_test_009.img,asbx_fixed_one_gaps,784016,600876,0.7664078284116651,2.6982339000096545
grayscale_image_tensor,mnist,test,mnist_test_009.img,asbx_fixed_zero_gaps,784016,784025,1.000011479357564,8.279109099996276
grayscale_image_tensor,mnist,test,mnist_test_009.img,zlib_9,784016,166465,0.21232347299034712,0.2831039000302553
grayscale_image_tensor,mnist,test,mnist_test_009.img,bzip2_9,784016,148635,0.18958159017162915,0.02755510003771633
grayscale_image_tensor,mnist,test,mnist_test_009.img,lzma_9,784016,146364,0.18668496561294667,0.34572330000810325
grayscale_image_tensor,mnist,test,mnist_test_009.img,png_per_image,784016,280790,0.35814320115916004,0.14527360000647604
grayscale_image_tensor,fashion_mnist,test,fashion_mnist_test_000.img,asbx_oracle,784016,690897,0.8812281892206282,5.67215830006171
grayscale_image_tensor,fashion_mnist,test,fashion_mnist_test_000.img,asbx_deterministic,784016,694619,0.8859755413154834,0.8038504000287503
grayscale_image_tensor,fashion_mnist,test,fashion_mnist_test_000.img,asbx_fixed_raw,784016,784025,1.000011479357564,0.02167739998549223
grayscale_image_tensor,fashion_mnist,test,fashion_mnist_test_000.img,asbx_fixed_zero,784016,784025,1.000011479357564,0.015218200045637786
grayscale_image_tensor,fashion_mnist,test,fashion_mnist_test_000.img,asbx_fixed_zero_trim,784016,701320,0.894522560764066,0.05701670004054904
grayscale_image_tensor,fashion_mnist,test,fashion_mnist_test_000.img,asbx_fixed_one_gaps,784016,748951,0.9552751474459705,3.650283799972385
grayscale_image_tensor,fashion_mnist,test,fashion_mnist_test_000.img,asbx_fixed_zero_gaps,784016,784025,1.000011479357564,7.569808200001717
grayscale_image_tensor,fashion_mnist,test,fashion_mnist_test_000.img,zlib_9,784016,440017,0.5612347196995979,0.32690769992768764
grayscale_image_tensor,fashion_mnist,test,fashion_mnist_test_000.img,bzip2_9,784016,406591,0.5186003857064142,0.05816339992452413
grayscale_image_tensor,fashion_mnist,test,fashion_mnist_test_000.img,lzma_9,784016,379744,0.4843574620926104,0.3368912999285385
grayscale_image_tensor,fashion_mnist,test,fashion_mnist_test_000.img,png_per_image,784016,509017,0.6492431276912716,0.1306155000347644
grayscale_image_tensor,fashion_mnist,test,fashion_mnist_test_001.img,asbx_oracle,784016,684214,0.8727041284871737,5.728054900071584
grayscale_image_tensor,fashion_mnist,test,fashion_mnist_test_001.img,asbx_deterministic,784016,688292,0.8779055529478991,0.9260193000081927
grayscale_image_tensor,fashion_mnist,test,fashion_mnist_test_001.img,asbx_fixed_raw,784016,784025,1.000011479357564,0.03256990003865212
grayscale_image_tensor,fashion_mnist,test,fashion_mnist_test_001.img,asbx_fixed_zero,784016,784025,1.000011479357564,0.017039700062014163
grayscale_image_tensor,fashion_mnist,test,fashion_mnist_test_001.img,asbx_fixed_zero_trim,784016,694395,0.8856898328605539,0.06569209997542202
grayscale_image_tensor,fashion_mnist,test,fashion_mnist_test_001.img,asbx_fixed_one_gaps,784016,743855,0.9487752800963246,3.7161233000224456
grayscale_image_tensor,fashion_mnist,test,fashion_mnist_test_001.img,asbx_fixed_zero_gaps,784016,784025,1.000011479357564,7.717734599951655
grayscale_image_tensor,fashion_mnist,test,fashion_mnist_test_001.img,zlib_9,784016,437583,0.5581301912205874,0.31878500001039356
grayscale_image_tensor,fashion_mnist,test,fashion_mnist_test_001.img,bzip2_9,784016,404538,0.5159818166976184,0.052274600020609796
grayscale_image_tensor,fashion_mnist,test,fashion_mnist_test_001.img,lzma_9,784016,377572,0.4815871104671333,0.3372899000532925
grayscale_image_tensor,fashion_mnist,test,fashion_mnist_test_001.img,png_per_image,784016,507476,0.6472776065794575,0.13081810006406158
grayscale_image_tensor,fashion_mnist,test,fashion_mnist_test_002.img,asbx_oracle,784016,688079,0.8776338748188812,5.721977899898775
grayscale_image_tensor,fashion_mnist,test,fashion_mnist_test_002.img,asbx_deterministic,784016,691843,0.8824347972490357,0.7945356999989599
grayscale_image_tensor,fashion_mnist,test,fashion_mnist_test_002.img,asbx_fixed_raw,784016,784025,1.000011479357564,0.027280300040729344
grayscale_image_tensor,fashion_mnist,test,fashion_mnist_test_002.img,asbx_fixed_zero,784016,784025,1.000011479357564,0.015730599989183247
grayscale_image_tensor,fashion_mnist,test,fashion_mnist_test_002.img,asbx_fixed_zero_trim,784016,698768,0.8912675251525479,0.05374630005098879
grayscale_image_tensor,fashion_mnist,test,fashion_mnist_test_002.img,asbx_fixed_one_gaps,784016,746592,0.9522662802799943,3.6394272000761703
grayscale_image_tensor,fashion_mnist,test,fashion_mnist_test_002.img,asbx_fixed_zero_gaps,784016,784025,1.000011479357564,8.10747970000375
grayscale_image_tensor,fashion_mnist,test,fashion_mnist_test_002.img,zlib_9,784016,438798,0.5596799044917451,0.3239466999657452
grayscale_image_tensor,fashion_mnist,test,fashion_mnist_test_002.img,bzip2_9,784016,404960,0.5165200710189588,0.0639467000728473
grayscale_image_tensor,fashion_mnist,test,fashion_mnist_test_002.img,lzma_9,784016,377940,0.4820564886430889,0.3248280000407249
grayscale_image_tensor,fashion_mnist,test,fashion_mnist_test_002.img,png_per_image,784016,506868,0.6465021122017918,0.1550291000166908
grayscale_image_tensor,fashion_mnist,test,fashion_mnist_test_003.img,asbx_oracle,784016,679337,0.8664835921715883,5.754190200008452
grayscale_image_tensor,fashion_mnist,test,fashion_mnist_test_003.img,asbx_deterministic,784016,683046,0.8712143629721842,0.8683333999942988
grayscale_image_tensor,fashion_mnist,test,fashion_mnist_test_003.img,asbx_fixed_raw,784016,784025,1.000011479357564,0.025917400023899972
grayscale_image_tensor,fashion_mnist,test,fashion_mnist_test_003.img,asbx_fixed_zero,784016,784025,1.000011479357564,0.013499299995601177
grayscale_image_tensor,fashion_mnist,test,fashion_mnist_test_003.img,asbx_fixed_zero_trim,784016,689665,0.8796567927185159,0.06009699997957796
grayscale_image_tensor,fashion_mnist,test,fashion_mnist_test_003.img,asbx_fixed_one_gaps,784016,738489,0.9419310320197547,3.6650739000178874
grayscale_image_tensor,fashion_mnist,test,fashion_mnist_test_003.img,asbx_fixed_zero_gaps,784016,784025,1.000011479357564,7.667000999907032
grayscale_image_tensor,fashion_mnist,test,fashion_mnist_test_003.img,zlib_9,784016,437076,0.5574835207444746,0.3166434000013396
grayscale_image_tensor,fashion_mnist,test,fashion_mnist_test_003.img,bzip2_9,784016,404092,0.515412950756107,0.06084079993888736
grayscale_image_tensor,fashion_mnist,test,fashion_mnist_test_003.img,lzma_9,784016,377368,0.4813269116956797,0.3410084000788629
grayscale_image_tensor,fashion_mnist,test,fashion_mnist_test_003.img,png_per_image,784016,508058,0.6480199383686047,0.12395260005723685
grayscale_image_tensor,fashion_mnist,test,fashion_mnist_test_004.img,asbx_oracle,784016,691068,0.8814462970143466,5.961148599977605
grayscale_image_tensor,fashion_mnist,test,fashion_mnist_test_004.img,asbx_deterministic,784016,694858,0.8862803820330197,0.8245555000612512
grayscale_image_tensor,fashion_mnist,test,fashion_mnist_test_004.img,asbx_fixed_raw,784016,784025,1.000011479357564,0.024297300027683377
grayscale_image_tensor,fashion_mnist,test,fashion_mnist_test_004.img,asbx_fixed_zero,784016,784025,1.000011479357564,0.01852299994789064
grayscale_image_tensor,fashion_mnist,test,fashion_mnist_test_004.img,asbx_fixed_zero_trim,784016,699693,0.8924473480133058,0.06055870000272989
grayscale_image_tensor,fashion_mnist,test,fashion_mnist_test_004.img,asbx_fixed_one_gaps,784016,746803,0.9525354074406645,4.538142399978824
grayscale_image_tensor,fashion_mnist,test,fashion_mnist_test_004.img,asbx_fixed_zero_gaps,784016,784025,1.000011479357564,8.45546430000104
grayscale_image_tensor,fashion_mnist,test,fashion_mnist_test_004.img,zlib_9,784016,438737,0.5596020999571437,0.32965029997285455
grayscale_image_tensor,fashion_mnist,test,fashion_mnist_test_004.img,bzip2_9,784016,404802,0.5163185445194997,0.06845219992101192
grayscale_image_tensor,fashion_mnist,test,fashion_mnist_test_004.img,lzma_9,784016,378684,0.4830054488683904,0.33762989996466786
grayscale_image_tensor,fashion_mnist,test,fashion_mnist_test_004.img,png_per_image,784016,510077,0.6505951409154915,0.13933859998360276
grayscale_image_tensor,fashion_mnist,test,fashion_mnist_test_005.img,asbx_oracle,784016,679620,0.8668445541927716,5.743566499906592
grayscale_image_tensor,fashion_mnist,test,fashion_mnist_test_005.img,asbx_deterministic,784016,683333,0.8715804269300627,0.8181937999324873
grayscale_image_tensor,fashion_mnist,test,fashion_mnist_test_005.img,asbx_fixed_raw,784016,784025,1.000011479357564,0.02390719996765256
grayscale_image_tensor,fashion_mnist,test,fashion_mnist_test_005.img,asbx_fixed_zero,784016,784025,1.000011479357564,0.0141923000337556
grayscale_image_tensor,fashion_mnist,test,fashion_mnist_test_005.img,asbx_fixed_zero_trim,784016,686932,0.8761708944715414,0.05165789998136461
grayscale_image_tensor,fashion_mnist,test,fashion_mnist_test_005.img,asbx_fixed_one_gaps,784016,742369,0.9468799106140691,3.522882099961862
grayscale_image_tensor,fashion_mnist,test,fashion_mnist_test_005.img,asbx_fixed_zero_gaps,784016,784025,1.000011479357564,8.239033100078814
grayscale_image_tensor,fashion_mnist,test,fashion_mnist_test_005.img,zlib_9,784016,432843,0.5520843962368115,0.3215018999762833
grayscale_image_tensor,fashion_mnist,test,fashion_mnist_test_005.img,bzip2_9,784016,399886,0.5100482643211363,0.053420100011862814
grayscale_image_tensor,fashion_mnist,test,fashion_mnist_test_005.img,lzma_9,784016,372936,0.4756739658374319,0.3342550001107156
grayscale_image_tensor,fashion_mnist,test,fashion_mnist_test_005.img,png_per_image,784016,502982,0.6415455807024346,0.13741210009902716
grayscale_image_tensor,fashion_mnist,test,fashion_mnist_test_006.img,asbx_oracle,784016,685484,0.87432399338789,5.728314600070007
grayscale_image_tensor,fashion_mnist,test,fashion_mnist_test_006.img,asbx_deterministic,784016,690504,0.8807269239403277,0.8306794000091031
grayscale_image_tensor,fashion_mnist,test,fashion_mnist_test_006.img,asbx_fixed_raw,784016,784025,1.000011479357564,0.02615480008535087
grayscale_image_tensor,fashion_mnist,test,fashion_mnist_test_006.img,asbx_fixed_zero,784016,784025,1.000011479357564,0.01771389995701611
grayscale_image_tensor,fashion_mnist,test,fashion_mnist_test_006.img,asbx_fixed_zero_trim,784016,696675,0.8885979367768004,0.05998739995993674
grayscale_image_tensor,fashion_mnist,test,fashion_mnist_test_006.img,asbx_fixed_one_gaps,784016,742033,0.9464513479316748,3.6555265999631956
grayscale_image_tensor,fashion_mnist,test,fashion_mnist_test_006.img,asbx_fixed_zero_gaps,784016,784025,1.000011479357564,7.675699900020845
grayscale_image_tensor,fashion_mnist,test,fashion_mnist_test_006.img,zlib_9,784016,437137,0.557561325279076,0.3336616000160575
grayscale_image_tensor,fashion_mnist,test,fashion_mnist_test_006.img,bzip2_9,784016,404909,0.5164550213260953,0.06446939997840673
grayscale_image_tensor,fashion_mnist,test,fashion_mnist_test_006.img,lzma_9,784016,378184,0.48236770678149427,0.35084079997614026
grayscale_image_tensor,fashion_mnist,test,fashion_mnist_test_006.img,png_per_image,784016,507629,0.6474727556580478,0.13814260007347912
grayscale_image_tensor,fashion_mnist,test,fashion_mnist_test_007.img,asbx_oracle,784016,690421,0.880621058753903,5.781690199975856
grayscale_image_tensor,fashion_mnist,test,fashion_mnist_test_007.img,asbx_deterministic,784016,693965,0.8851413746658231,0.8381486000726
grayscale_image_tensor,fashion_mnist,test,fashion_mnist_test_007.img,asbx_fixed_raw,784016,784025,1.000011479357564,0.024153899983502924
grayscale_image_tensor,fashion_mnist,test,fashion_mnist_test_007.img,asbx_fixed_zero,784016,784025,1.000011479357564,0.01632729999255389
grayscale_image_tensor,fashion_mnist,test,fashion_mnist_test_007.img,asbx_fixed_zero_trim,784016,698674,0.8911476296402114,0.05653929989784956
grayscale_image_tensor,fashion_mnist,test,fashion_mnist_test_007.img,asbx_fixed_one_gaps,784016,747374,0.9532637089038999,3.8149247999535874
grayscale_image_tensor,fashion_mnist,test,fashion_mnist_test_007.img,asbx_fixed_zero_gaps,784016,784025,1.000011479357564,7.929998700041324
grayscale_image_tensor,fashion_mnist,test,fashion_mnist_test_007.img,zlib_9,784016,440092,0.5613303810126324,0.33763840002939105
grayscale_image_tensor,fashion_mnist,test,fashion_mnist_test_007.img,bzip2_9,784016,406957,0.5190672129140221,0.06155470001976937
grayscale_image_tensor,fashion_mnist,test,fashion_mnist_test_007.img,lzma_9,784016,379956,0.48462786473745434,0.3729552000295371
grayscale_image_tensor,fashion_mnist,test,fashion_mnist_test_007.img,png_per_image,784016,510766,0.6514739495112345,0.13440219999756664
grayscale_image_tensor,fashion_mnist,test,fashion_mnist_test_008.img,asbx_oracle,784016,684983,0.87368497581682,5.766608500038274
grayscale_image_tensor,fashion_mnist,test,fashion_mnist_test_008.img,asbx_deterministic,784016,688233,0.8778302993816453,0.7971842000260949
grayscale_image_tensor,fashion_mnist,test,fashion_mnist_test_008.img,asbx_fixed_raw,784016,784025,1.000011479357564,0.027659500017762184
grayscale_image_tensor,fashion_mnist,test,fashion_mnist_test_008.img,asbx_fixed_zero,784016,784025,1.000011479357564,0.018761900020763278
grayscale_image_tensor,fashion_mnist,test,fashion_mnist_test_008.img,asbx_fixed_zero_trim,784016,692992,0.8839003285647231,0.06321640009991825
grayscale_image_tensor,fashion_mnist,test,fashion_mnist_test_008.img,asbx_fixed_one_gaps,784016,745344,0.9506744760311014,3.674437600071542
grayscale_image_tensor,fashion_mnist,test,fashion_mnist_test_008.img,asbx_fixed_zero_gaps,784016,784025,1.000011479357564,7.7232573999790475
grayscale_image_tensor,fashion_mnist,test,fashion_mnist_test_008.img,zlib_9,784016,437948,0.5585957429440216,0.3233445999212563
grayscale_image_tensor,fashion_mnist,test,fashion_mnist_test_008.img,bzip2_9,784016,404250,0.5156144772555662,0.056117899948731065
grayscale_image_tensor,fashion_mnist,test,fashion_mnist_test_008.img,lzma_9,784016,377508,0.4815054794800106,0.3328688000328839
grayscale_image_tensor,fashion_mnist,test,fashion_mnist_test_008.img,png_per_image,784016,507785,0.6476717311891594,0.1414643001044169
grayscale_image_tensor,fashion_mnist,test,fashion_mnist_test_009.img,asbx_oracle,784016,690233,0.88038126772923,5.850005800020881
grayscale_image_tensor,fashion_mnist,test,fashion_mnist_test_009.img,asbx_deterministic,784016,694047,0.8852459643680741,0.8223563999636099
grayscale_image_tensor,fashion_mnist,test,fashion_mnist_test_009.img,asbx_fixed_raw,784016,784025,1.000011479357564,0.033200400066562
grayscale_image_tensor,fashion_mnist,test,fashion_mnist_test_009.img,asbx_fixed_zero,784016,784025,1.000011479357564,0.015488300006836653
grayscale_image_tensor,fashion_mnist,test,fashion_mnist_test_009.img,asbx_fixed_zero_trim,784016,698918,0.8914588477786167,0.06088400003500283
grayscale_image_tensor,fashion_mnist,test,fashion_mnist_test_009.img,asbx_fixed_one_gaps,784016,748925,0.9552419848574519,3.9530155999818817
grayscale_image_tensor,fashion_mnist,test,fashion_mnist_test_009.img,asbx_fixed_zero_gaps,784016,784025,1.000011479357564,7.578743600053713
grayscale_image_tensor,fashion_mnist,test,fashion_mnist_test_009.img,zlib_9,784016,443588,0.5657894736842105,0.3222542000003159
grayscale_image_tensor,fashion_mnist,test,fashion_mnist_test_009.img,bzip2_9,784016,410661,0.5237916062937491,0.05662970000412315
grayscale_image_tensor,fashion_mnist,test,fashion_mnist_test_009.img,lzma_9,784016,383004,0.4885155404991735,0.34375230001751333
grayscale_image_tensor,fashion_mnist,test,fashion_mnist_test_009.img,png_per_image,784016,512700,0.6539407359033489,0.1386589000467211
